Energy (eV), initial Intensity (a.u.), Intensity (a.u.)
3.196370572768985063e+00,-3.839999999999998970e-02,1.317336843644712987e-09
3.192091849868712305e+00,-4.099999999999999478e-02,1.696214223639021520e-09
3.187906522353908922e+00,-3.739999999999998881e-02,2.168198178876463505e-09
3.183650414644791926e+00,-3.139999999999999736e-02,2.778050693631939459e-09
3.179405656265223978e+00,-7.199999999999993731e-03,3.550673713688696019e-09
3.175172201879497447e+00,-2.000000000000010667e-04,4.527080043307482317e-09
3.170950006393044251e+00,-2.000000000000028556e-04,5.757974508135884953e-09
3.166819899887629131e+00,-2.800000000000000839e-03,7.272673205057268175e-09
3.162619873495205347e+00,-5.799999999999996131e-03,9.206100784815240903e-09
3.158430973000509123e+00,-1.120000000000000162e-02,1.162580685838640520e-08
3.154253154253154001e+00,-1.339999999999999698e-02,1.464681975808914646e-08
3.150166399918705284e+00,-1.680000000000000243e-02,1.832919779419961936e-08
3.146010402131168338e+00,-1.179999999999999799e-02,2.298529002073324580e-08
3.141865355866926723e+00,-4.999999999999998369e-03,2.875744543181146092e-08
3.137731217895189495e+00,-1.379999999999999630e-02,3.589643544016665551e-08
3.133687136719737421e+00,-1.080000000000000404e-02,4.451807469219227958e-08
3.129574478824895145e+00,7.400000000000003797e-03,5.531949895217677538e-08
3.125472601703886522e+00,1.099999999999999936e-02,6.858689142575779460e-08
3.121460037759597128e+00,1.519999999999999997e-02,8.450144155443525747e-08
3.117379390099806358e+00,2.279999999999999735e-02,1.043056018381326985e-07
3.113309397675060541e+00,1.199999999999986451e-03,1.284671327691490988e-07
3.109327983951855501e+00,9.799999999999997949e-03,1.572573865186391609e-07
3.105278974256235447e+00,5.399999999999994214e-03,1.928479369970930794e-07
3.101240496198479413e+00,-1.780000000000000332e-02,2.359822027868777724e-07
3.097289871362557623e+00,-4.220000000000000140e-02,2.870457316428176367e-07
3.093272133110484656e+00,-5.140000000000000124e-02,3.497622613648724910e-07
3.089264804803308451e+00,-7.159999999999999698e-02,4.252791717654860853e-07
3.085344613087833032e+00,-6.679999999999998439e-02,5.141079554545517963e-07
3.081357785398339821e+00,-7.139999999999999125e-02,6.225157049077933458e-07
3.077381247828460786e+00,-7.520000000000000295e-02,7.522188204612001782e-07
3.073491138926756960e+00,-4.819999999999999285e-02,9.038307362039813466e-07
3.069534866450478905e+00,-4.839999999999999164e-02,1.087707740513618013e-06
3.065588766100521667e+00,-3.799999999999999212e-02,1.306331519343677877e-06
3.061728395061728225e+00,-2.299999999999999961e-02,1.560314563439702753e-06
3.057802327875320803e+00,-5.399999999999999419e-03,1.866466469559532455e-06
3.053886316619052188e+00,9.799999999999999684e-03,2.228240579790136086e-06
3.050055343746156389e+00,2.819999999999999937e-02,2.645992869612484041e-06
3.046159137249121684e+00,3.219999999999999946e-02,3.146532628045197311e-06
3.042347514598361169e+00,2.759999999999999953e-02,3.722239911192212692e-06
3.038470962999264557e+00,2.179999999999999646e-02,4.409327402270524909e-06
3.034604277813127027e+00,2.100000000000000130e-02,5.213182615805943011e-06
3.030821499278957720e+00,1.839999999999999969e-02,6.132350102109173636e-06
3.026974246307823968e+00,1.760000000000000453e-02,7.222965507491304996e-06
3.023210454456797258e+00,3.100000000000000672e-02,8.465252526979183666e-06
3.019382487581571795e+00,4.240000000000000713e-02,9.933640704296332270e-06
3.015564202334630295e+00,3.679999999999999938e-02,1.163502457448201594e-05
3.011828714386340256e+00,1.959999999999999937e-02,1.356202715638937571e-05
3.008029498095722953e+00,6.600000000000001699e-03,1.582689763120034745e-05
3.004312642341425477e+00,-6.000000000000004895e-04,1.838257565880674338e-05
3.000532352514155843e+00,1.640000000000000485e-02,2.137524073697663946e-05
2.996833989897769612e+00,3.200000000000001021e-03,2.473975727886051782e-05
2.993072485457046739e+00,1.000000000000001756e-03,2.866516170929011759e-05
2.989392478302796530e+00,1.800000000000001902e-03,3.306229222592479679e-05
2.985649619570451829e+00,-1.199999999999999678e-02,3.817392131246868020e-05
2.981916121585225454e+00,-2.460000000000000381e-02,4.399854560673322927e-05
2.978263480244986106e+00,-2.339999999999999719e-02,5.048802739242065640e-05
2.974548420370858981e+00,8.000000000000041583e-04,5.799161006143623096e-05
2.970913795581963779e+00,1.119999999999999989e-02,6.632220626781594431e-05
2.967217037568796734e+00,1.779999999999999638e-02,7.592079810348312762e-05
2.963600296360029418e+00,2.079999999999999905e-02,8.654013729116927266e-05
2.959921705296827632e+00,2.899999999999999453e-02,9.873336857263975274e-05
2.956322716002288686e+00,3.119999999999999510e-02,1.121767394867072791e-04
2.952662158300790818e+00,3.339999999999999913e-02,1.275595634530805693e-04
2.949080790543915143e+00,4.860000000000000431e-02,1.444616875200527685e-04
2.945438133922420931e+00,6.479999999999999649e-02,1.637365828774231590e-04
2.941874258600237102e+00,7.699999999999999900e-02,1.848437099793025272e-04
2.938318997180161762e+00,7.420000000000000207e-02,2.083467573186594576e-04
2.934702861335289903e+00,6.439999999999998503e-02,2.350150891903607299e-04
2.931164901664145006e+00,7.940000000000001223e-02,2.640731686319056169e-04
2.927566342430824253e+00,6.380000000000000948e-02,2.969356428606128489e-04
2.924045558516282561e+00,7.740000000000001046e-02,3.326252186594671274e-04
2.920464448055771545e+00,7.560000000000000053e-02,3.728553292024471564e-04
2.916960715125852754e+00,5.560000000000000359e-02,4.164042080448662124e-04
2.913396926836144818e+00,3.219999999999999252e-02,4.653344853456512289e-04
2.909910121324478460e+00,2.500000000000000139e-02,5.181306242133052863e-04
2.906431651978248709e+00,1.580000000000000154e-02,5.760704301294381760e-04
2.902893529356681324e+00,1.240000000000000130e-02,6.408587442734400884e-04
2.899431804896298370e+00,1.419999999999999561e-02,7.104334504168402249e-04
2.895910693850860529e+00,4.200000000000001475e-03,7.879859380094459938e-04
2.892465593655237033e+00,1.379999999999999977e-02,8.710058629694787538e-04
2.888961371790689903e+00,-5.600000000000000810e-03,9.632553843686399902e-04
2.885532776394480248e+00,6.200000000000005854e-03,1.061700702268375453e-03
2.882112309408702000e+00,2.100000000000000130e-02,1.168567659768796367e-03
2.878633113566719359e+00,2.819999999999999590e-02,1.286765792983984944e-03
2.875228974888121236e+00,2.039999999999999453e-02,1.412321576665065111e-03
2.871832877854463284e+00,1.199999999999999505e-02,1.547999005791973227e-03
2.868378440897524584e+00,1.440000000000000134e-02,1.697376674134813733e-03
2.864998498186271281e+00,1.379999999999999630e-02,1.855331084985805496e-03
2.861560473542104077e+00,5.199999999999995424e-03,2.028708588527129968e-03
2.858196570164115879e+00,1.199999999999997510e-03,2.211488054749966015e-03
2.854840566363531451e+00,6.599999999999995627e-03,2.407530715090670879e-03
2.851426863200496875e+00,-4.599999999999999922e-03,2.621751050308772629e-03
2.848086728834581471e+00,-1.479999999999999892e-02,2.846580026518863958e-03
2.844754410516414644e+00,-1.679999999999999549e-02,3.086660820891672964e-03
2.841364771659677491e+00,-1.419999999999999908e-02,3.347838867165206511e-03
2.838048155268698913e+00,-1.060000000000000005e-02,3.620739388138555139e-03
2.834739272569325230e+00,-1.879999999999999727e-02,3.910880775215733011e-03
2.831373444457129906e+00,-2.820000000000000284e-02,4.225131059899913180e-03
2.828080098526661423e+00,-3.200000000000000067e-02,4.552047051151034834e-03
2.824794405084629645e+00,-2.879999999999999574e-02,4.898111773915544628e-03
2.821516337489760495e+00,-2.819999999999999937e-02,5.263923392865795664e-03
2.818181818181818343e+00,-2.959999999999999784e-02,5.657835453118361356e-03
2.814919071076706469e+00,-3.440000000000000696e-02,6.065255114056239578e-03
2.811663870119268882e+00,-3.640000000000000180e-02,6.494074432724268597e-03
2.808352584137337349e+00,-3.199999999999999373e-02,6.953836268963069396e-03
2.805112543829883620e+00,-3.019999999999999421e-02,7.427309989106352373e-03
2.801879971077367859e+00,-3.960000000000000325e-02,7.923523774396073333e-03
2.798654840092987595e+00,-2.399999999999999356e-02,8.442834382141148342e-03
2.795374106720169838e+00,-1.159999999999999573e-02,8.996425966306773048e-03
2.792163927043458393e+00,-1.479999999999999719e-02,9.563263515847797436e-03
2.788961111985785113e+00,-1.119999999999999989e-02,1.015395759181824883e-02
2.785765636232925946e+00,-3.999999999999958992e-04,1.076864229046717650e-02
2.782515034557041744e+00,3.660000000000000753e-02,1.142015248389089375e-02
2.779334304606074113e+00,5.360000000000000875e-02,1.208343173069027603e-02
2.776160838221465976e+00,6.020000000000000351e-02,1.277070339855558047e-02
2.772994610550797212e+00,5.299999999999999850e-02,1.348182439944191173e-02
2.769773727355982817e+00,5.359999999999999487e-02,1.423121689177674239e-02
2.766622043730477376e+00,5.399999999999999939e-02,1.498975507193490118e-02
2.763477524459004631e+00,3.859999999999998849e-02,1.577124034256507934e-02
2.760340145140465662e+00,2.579999999999999655e-02,1.657521152840478462e-02
2.757209881484445901e+00,1.839999999999999275e-02,1.740112414582484571e-02
2.754025541365908047e+00,-1.600000000000003112e-03,1.826517006582114785e-02
2.750909574940101354e+00,-1.499999999999999598e-02,1.913339052910165150e-02
2.747800651494670898e+00,-2.079999999999998864e-02,2.002139468120900725e-02
2.744698747177829912e+00,-3.559999999999999276e-02,2.092829712441435924e-02
2.741603838245373570e+00,-3.179999999999998800e-02,2.185312810914642398e-02
2.738515901060070590e+00,-2.519999999999999671e-02,2.279483453562323320e-02
2.735374569840289372e+00,-2.599999999999999534e-02,2.377120413746674002e-02
2.732300641209263414e+00,-6.799999999999997019e-03,2.474344840071135768e-02
2.729233613593344376e+00,9.599999999999999159e-03,2.572889888733914665e-02
2.726173463779267614e+00,1.839999999999999969e-02,2.672618603972547191e-02
2.723120168657765294e+00,5.020000000000000157e-02,2.773386828715805261e-02
2.720073705222980198e+00,3.520000000000000212e-02,2.875043553461939863e-02
2.716974517408357048e+00,2.279999999999999735e-02,2.979445123401394321e-02
2.713941781571460155e+00,2.199999999999999872e-02,3.082409839827243009e-02
2.710915808574364316e+00,3.740000000000000269e-02,3.185769605201266286e-02
2.707896575821103990e+00,4.580000000000000737e-02,3.289350144779109447e-02
2.704884060816264313e+00,4.320000000000000229e-02,3.392972633533634930e-02
2.701878241164422434e+00,3.699999999999999817e-02,3.496454250656980123e-02
2.698879094569594184e+00,4.780000000000000221e-02,3.599608760231751137e-02
2.695886598834681180e+00,5.320000000000000423e-02,3.702247115240936415e-02
2.692900731860924601e+00,3.940000000000000446e-02,3.804178081918747900e-02
2.689921471647359841e+00,4.980000000000001092e-02,3.905208881299042367e-02
2.686890574214517713e+00,6.859999999999999432e-02,4.007093153754507503e-02
2.683924590376831620e+00,7.220000000000000029e-02,4.105715202948938269e-02
2.680965147453083119e+00,6.500000000000000222e-02,4.202852296938090065e-02
2.678012223829989491e+00,5.679999999999998939e-02,4.298312147928907284e-02
2.675065797989385707e+00,6.420000000000000706e-02,4.391904284491865429e-02
2.672125848507703960e+00,6.700000000000000400e-02,4.483440724887190199e-02
2.669192354055450522e+00,5.879999999999999810e-02,4.572736643377645765e-02
2.666265293396692826e+00,6.139999999999999625e-02,4.659611026066527023e-02
2.663344645388547871e+00,6.600000000000000311e-02,4.743887312870204154e-02
2.660430388980669303e+00,5.059999999999999221e-02,4.825394022327411658e-02
2.657522503214744702e+00,4.139999999999999930e-02,4.903965356062214842e-02
2.654620967223994210e+00,5.199999999999999761e-02,4.979441779854298922e-02
2.651725760232667373e+00,5.279999999999999971e-02,5.051670578425870167e-02
2.648836861555550648e+00,7.779999999999999416e-02,5.120506381228082105e-02
2.645954250597473578e+00,8.899999999999999578e-02,5.185811656701369565e-02
2.643077906852818959e+00,9.839999999999998748e-02,5.247457172689309890e-02
2.640207809905037450e+00,9.679999999999998328e-02,5.305322420904851760e-02
2.637343939426164852e+00,9.420000000000000595e-02,5.359296003578083861e-02
2.634486275176340708e+00,1.005999999999999950e-01,5.409275980654572324e-02
2.631634797003331805e+00,1.100000000000000006e-01,5.455170176160442641e-02
2.628789484842060542e+00,9.179999999999999272e-02,5.496896442603319000e-02
2.625950318714131537e+00,8.580000000000001514e-02,5.534382882534542164e-02
2.623117278727364887e+00,8.920000000000000151e-02,5.567568026655763530e-02
2.620290345075333427e+00,8.319999999999999618e-02,5.596400968110541024e-02
2.617469498036897768e+00,7.780000000000000804e-02,5.620841452856756293e-02
2.614654717975751108e+00,7.219999999999998641e-02,5.640859926266417884e-02
2.611845985339961373e+00,7.000000000000000666e-02,5.656437536344806338e-02
2.609043280661518693e+00,7.660000000000001530e-02,5.667566094198247389e-02
2.606246584555887313e+00,6.840000000000000246e-02,5.674247992608440205e-02
2.603455877721556178e+00,7.140000000000000513e-02,5.676496083789175223e-02
2.600671140939597059e+00,8.079999999999999682e-02,5.674333517607400845e-02
2.597892355073222692e+00,8.580000000000001514e-02,5.667793541743794405e-02
2.595173813859065426e+00,8.340000000000000191e-02,5.657173827342892175e-02
2.592406756982772897e+00,5.899999999999998995e-02,5.642101337561799407e-02
2.589645594469853762e+00,4.359999999999999293e-02,5.622807931962226641e-02
2.586890307506154230e+00,2.659999999999999171e-02,5.599364378948505638e-02
2.584140877357507637e+00,1.639999999999999097e-02,5.571850045305364735e-02
2.581397285369306349e+00,2.000000000000055119e-04,5.540352508406570786e-02
2.578659512966082090e+00,-1.460000000000000013e-02,5.504967144775962246e-02
2.575927541651086283e+00,-2.820000000000000284e-02,5.465796697458048109e-02
2.573201353005872605e+00,-1.879999999999999727e-02,5.422950824702725547e-02
2.570480928689883982e+00,-1.019999999999998859e-02,5.376545632499095395e-02
2.567819424311451826e+00,-1.280000000000000061e-02,5.327712733066239381e-02
2.565110361804679329e+00,-2.220000000000001139e-02,5.274624232244402161e-02
2.562407009423044890e+00,-1.999999999999999695e-02,5.218355909894518280e-02
2.559709349131969347e+00,-1.179999999999999799e-02,5.159044671646378227e-02
2.557017362972739072e+00,4.000000000000005287e-03,5.096831390117769617e-02
2.554331033062107181e+00,1.320000000000000687e-02,5.031860393473090026e-02
2.551702850087457453e+00,8.599999999999996536e-03,4.965628225608975654e-02
2.549027669284216646e+00,2.100000000000000130e-02,4.895632854526185684e-02
2.546358091874242557e+00,2.640000000000000333e-02,4.823325412435601478e-02
2.543694100270780023e+00,1.160000000000000267e-02,4.748858966550092292e-02
2.541035676960593293e+00,2.040000000000000493e-02,4.672387551605577255e-02
2.538382804503582335e+00,4.340000000000000108e-02,4.594065696460396253e-02
2.535787321063394550e+00,4.359999999999999293e-02,4.515632260010484650e-02
2.533145390288247256e+00,5.980000000000001287e-02,4.434101553710625282e-02
2.530508958818007414e+00,5.779999999999999721e-02,4.351179435763664199e-02
2.527878009499928691e+00,4.739999999999999075e-02,4.267017993441312579e-02
2.525252525252525082e+00,6.199999999999999956e-02,4.181767679786322495e-02
2.522683810066322252e+00,5.359999999999999487e-02,4.097275068070112963e-02
2.520069098668834329e+00,4.559999999999999470e-02,4.010304208186871167e-02
2.517459801851551049e+00,4.559999999999999470e-02,3.922679704913050597e-02
2.514855902812988209e+00,2.819999999999999590e-02,3.834542150645017800e-02
2.512308284539173986e+00,2.859999999999999348e-02,3.747767308905926298e-02
2.509715025906735786e+00,2.619999999999999413e-02,3.659016215809926531e-02
2.507127115388503746e+00,9.999999999999959008e-04,3.570152047316685340e-02
2.504544536457281367e+00,-5.599999999999999943e-03,3.481302548793463458e-02
2.502017756255044301e+00,-1.599999999999998776e-03,3.394329926836226613e-02
2.499445687448348163e+00,-5.999999999999983211e-04,3.305876115980293378e-02
2.496878901373283277e+00,5.400000000000002021e-03,3.217804343930660144e-02
2.494317381771367526e+00,1.500000000000000291e-02,3.130237898563396209e-02
2.491811185016980623e+00,1.799999999999999864e-02,3.045002324268857724e-02
2.489260047376239626e+00,2.060000000000000026e-02,2.958823534734001878e-02
2.486714128145994351e+00,1.559999999999999408e-02,2.873567812959459955e-02
2.484223179404988713e+00,2.260000000000000203e-02,2.791057183216725385e-02
2.481687547532321680e+00,4.460000000000000075e-02,2.708217068272675276e-02
2.479157086590559000e+00,4.100000000000000172e-02,2.627008362007388770e-02
2.476631780778141501e+00,4.460000000000000075e-02,2.547835019826952610e-02
2.474160980086994588e+00,5.220000000000000334e-02,2.472726425257127866e-02
2.471645837070700846e+00,5.460000000000000270e-02,2.399440228897973051e-02
2.469135802469135665e+00,6.139999999999998931e-02,2.330587092933210369e-02
2.466679928386712017e+00,6.720000000000000973e-02,2.268841636322538671e-02
2.464179964627094321e+00,7.359999999999999876e-02,2.213791229274762393e-02
2.461685063130310436e+00,7.919999999999999263e-02,2.169607884088884178e-02
2.459243980802030549e+00,7.820000000000000562e-02,2.140615763751932063e-02
2.456759059299030934e+00,7.099999999999999367e-02,2.130845423109001963e-02
2.454327731924073941e+00,6.939999999999998948e-02,2.147404958272723305e-02
2.451852730652113621e+00,6.939999999999998948e-02,2.200033777052256417e-02
2.449382716049382847e+00,6.179999999999999383e-02,2.300670172376406003e-02
2.446965959546127500e+00,7.080000000000000182e-02,2.460761976659063544e-02
2.444505776130584174e+00,8.039999999999999925e-02,2.705856910544766208e-02
2.442050534690903607e+00,8.980000000000000482e-02,3.057709700945910811e-02
2.439648218466563101e+00,1.038000000000000173e-01,3.535140298660849334e-02
2.437202720232713560e+00,9.900000000000000466e-02,4.192950283714035054e-02
2.434809927741124813e+00,1.160000000000000059e-01,5.046887727840192184e-02
2.432374114831597378e+00,1.237999999999999934e-01,6.181289996143586596e-02
2.429943170683911191e+00,1.481999999999999984e-01,7.640381407201835007e-02
2.427564604541895044e+00,1.872000000000000053e-01,9.450889628715689050e-02
2.425143259470771362e+00,2.159999999999999976e-01,1.175913032688007953e-01
2.422774076317383507e+00,2.220000000000000029e-01,1.455338975583762018e-01
2.420362273579012680e+00,2.345999999999999752e-01,1.803211854237798395e-01
2.418002418002417553e+00,2.433999999999999775e-01,2.214713727485789763e-01
2.415600101299359093e+00,2.614000000000000212e-01,2.715507720793187696e-01
2.413202553323991584e+00,3.104000000000000092e-01,3.307286031464561349e-01
2.410856631799976668e+00,3.661999999999999700e-01,3.984101652443928221e-01
2.408468485966786421e+00,4.286000000000000365e-01,4.780523230982194338e-01
2.406131755117880910e+00,5.106000000000000538e-01,5.671203701818647858e-01
2.403752956228434101e+00,5.794000000000000261e-01,6.695863043680397864e-01
2.401425362150437781e+00,6.727999999999999536e-01,7.815923542729354967e-01
2.399055855437537410e+00,7.990000000000000435e-01,9.074920231917725788e-01
2.396737344646964640e+00,9.304000000000000048e-01,1.041900475927236114e+00
2.394377075770448560e+00,1.096600000000000019e+00,1.189368844062270281e+00
2.392067595200431995e+00,1.261399999999999855e+00,1.342933670209313313e+00
2.389716510243018899e+00,1.422800000000000065e+00,1.507131858272086733e+00
2.387416007239261617e+00,1.577599999999999891e+00,1.673586028697980677e+00
2.385074052702442771e+00,1.776400000000000201e+00,1.846606867926910311e+00
2.382782475019216140e+00,1.963399999999999812e+00,2.016818592097391338e+00
2.380449597819201291e+00,2.161399999999999988e+00,2.188119733327176686e+00
2.378166893615389021e+00,2.345600000000000129e+00,2.350790923987337244e+00
2.375843041079092721e+00,2.547999999999999599e+00,2.508176148881033907e+00
2.373569158914283772e+00,2.730999999999999872e+00,2.651041621461875497e+00
2.371254278775362323e+00,2.881199999999999761e+00,2.782082510576061818e+00
2.368989167605983770e+00,3.019399999999999640e+00,2.893442058537251782e+00
2.366728379745385968e+00,3.123199999999999310e+00,2.985482931464993772e+00
2.364426817176416673e+00,3.213999999999999968e+00,3.057428852560096555e+00
2.362174724730444986e+00,3.256799999999999695e+00,3.104940632920105692e+00
2.359882005899704982e+00,3.268399999999999750e+00,3.128907097835483153e+00
2.357638558798364592e+00,3.234799999999999898e+00,3.127968972936328029e+00
2.355354632830604089e+00,3.189200000000000035e+00,3.102250478643764353e+00
2.353119781387581266e+00,3.094800000000000217e+00,3.053483031415348048e+00
2.350889166951048104e+00,2.973000000000000309e+00,2.982635400330965858e+00
2.348618292706024846e+00,2.834999999999999964e+00,2.889389803837337567e+00
2.346396200351959394e+00,2.695200000000000262e+00,2.779541941285988305e+00
2.344133993723770182e+00,2.532399999999999984e+00,2.651230391074724579e+00
2.341920374707259889e+00,2.352600000000000247e+00,2.512190415234103469e+00
2.339710932488018535e+00,2.184799999999999631e+00,2.362854307524870467e+00
2.337461592112952236e+00,2.030800000000000161e+00,2.202876213862008381e+00
2.335260551046158817e+00,1.890800000000000036e+00,2.041383493253845938e+00
2.333019755409219353e+00,1.727200000000000069e+00,1.874722029960217196e+00
2.330827067669173136e+00,1.572200000000000042e+00,1.711969174144800432e+00
2.328638497652582018e+00,1.425200000000000022e+00,1.552123451945949695e+00
2.326410386296692501e+00,1.310000000000000275e+00,1.394121888599064274e+00
2.324230098779779041e+00,1.188799999999999857e+00,1.245851375898053615e+00
2.322053894121832940e+00,1.097599999999999909e+00,1.105497142167150670e+00
2.319838359649779136e+00,1.014199999999999990e+00,9.715443953365192620e-01
2.317670367462898451e+00,9.193999999999999950e-01,8.499620385668453793e-01
2.315506423662981650e+00,8.401999999999999469e-01,7.384430696136881078e-01
2.313303359886573762e+00,7.600000000000000089e-01,6.352156817756687834e-01
2.311147559316347966e+00,6.977999999999998648e-01,5.442461152777633426e-01
2.308995773048060585e+00,6.329999999999998961e-01,4.631329125960725879e-01
2.306805074971165048e+00,5.834000000000001407e-01,3.901039547962281695e-01
2.304661363467400470e+00,5.315999999999999615e-01,3.274624492253794261e-01
2.302521632562112508e+00,4.747999999999999998e-01,2.730466310532679297e-01
2.300385871178391550e+00,4.388000000000000234e-01,2.261655770758901618e-01
2.298211472523399301e+00,4.138000000000000012e-01,1.853655175154070023e-01
2.296083695954078685e+00,3.976000000000000090e-01,1.515146491724903566e-01
2.293959855702525363e+00,3.656000000000000361e-01,1.230442434197384638e-01
2.291797582523195320e+00,3.303999999999999715e-01,9.885117457078466952e-02
2.289681660388507289e+00,3.039999999999999925e-01,7.924509397736761995e-02
2.287569641737077220e+00,2.959999999999999853e-01,6.312863717775850370e-02
2.285461515777057251e+00,2.859999999999999765e-01,4.997783621083362604e-02
2.283315226398070052e+00,2.436000000000000110e-01,3.913402703382327930e-02
2.281214930919660766e+00,2.275999999999999968e-01,3.060330988959038614e-02
2.279118495781792486e+00,1.971999999999999864e-01,2.379113197050132869e-02
2.277025910351285987e+00,1.621999999999999831e-01,1.838896855025242208e-02
2.274937164033977055e+00,1.227999999999999647e-01,1.413420417228984476e-02
2.272810586898346585e+00,1.093999999999999834e-01,1.074719921823475213e-02
2.270729563433929066e+00,9.779999999999998417e-02,8.173604676870956098e-03
2.268652347323356189e+00,9.739999999999997271e-02,6.186759384000976858e-03
2.266578928127513048e+00,9.540000000000001257e-02,4.662612420329944468e-03
2.264467941342975355e+00,8.120000000000000828e-02,3.480503026865412915e-03
2.262402160229159520e+00,8.679999999999998828e-02,2.604861026465334680e-03
2.260340144734683143e+00,8.339999999999998803e-02,1.945185262040957392e-03
2.258281884572656661e+00,1.021999999999999992e-01,1.450932852599176636e-03
2.256227369493622348e+00,1.184000000000000052e-01,1.082521125865277102e-03
2.254176589285389554e+00,1.181999999999999995e-01,8.091979221853745022e-04
2.252088630584816453e+00,1.035999999999999976e-01,6.038144848261126768e-04
2.250045363817818611e+00,9.319999999999999118e-02,4.560350878624678237e-04
2.248005801305293705e+00,9.819999999999998175e-02,3.474981005091656730e-04
2.245969932983155282e+00,8.319999999999998230e-02,2.678849944000864965e-04
2.243937748823742417e+00,7.799999999999999989e-02,2.094749834029621650e-04
2.241909238835653628e+00,9.160000000000000087e-02,1.665311992155244294e-04
2.239884393063583889e+00,8.780000000000000304e-02,1.348197346145339423e-04
2.237822814964537610e+00,7.220000000000000029e-02,1.108308818875276250e-04
2.235805340689854148e+00,6.079999999999999294e-02,9.321278211236323742e-05
2.233791500783628425e+00,6.600000000000000311e-02,7.979560879564458393e-05
2.231781285434027318e+00,6.219999999999999141e-02,6.940763692091097236e-05
2.229774684864505030e+00,6.459999999999997689e-02,6.120947855570128154e-05
2.227771689333644556e+00,4.119999999999998663e-02,5.460252580383568265e-05
2.225772289135000026e+00,2.939999999999999211e-02,4.916145047999500092e-05
2.223776474596940389e+00,2.079999999999999558e-02,4.458482529964649958e-05
2.221784236082492647e+00,-2.200000000000000133e-03,4.065927480998199925e-05
2.219755826859045378e+00,-1.160000000000000267e-02,3.716943085356086651e-05
2.217770782658463169e+00,-5.999999999999996655e-03,3.414327125365752407e-05
2.215789285586648116e+00,-1.219999999999999904e-02,3.143148779347038172e-05
2.213811326144397462e+00,-1.960000000000000284e-02,2.897894484645098311e-05
2.211836894866397785e+00,-9.599999999999993955e-03,2.674523661799062485e-05
2.209865982321072231e+00,-2.199999999999997530e-03,2.470019299762547726e-05
2.207898579110430415e+00,2.340000000000000413e-02,2.282076650736421808e-05
2.205934675869920980e+00,2.679999999999999744e-02,2.108888714868837878e-05
2.203974263268280609e+00,4.779999999999999527e-02,1.948999084100720643e-05
2.202017332007387473e+00,4.239999999999999325e-02,1.801201347154154282e-05
2.200063872822114242e+00,5.299999999999999156e-02,1.664470470810940086e-05
2.198113876480181528e+00,5.600000000000000117e-02,1.537916006184818484e-05
2.196167333782012676e+00,6.479999999999999649e-02,1.420750106099148675e-05
2.194224235560588987e+00,7.340000000000000691e-02,1.312265541913037183e-05
2.192284572681305388e+00,6.779999999999999916e-02,1.211820441749397067e-05
2.190348336041828770e+00,7.720000000000001861e-02,1.118827531842027883e-05
2.188415516571952768e+00,5.719999999999999390e-02,1.032746389530292674e-05
2.186486105233460098e+00,5.279999999999999277e-02,9.530777112293621709e-06
2.184560093019978222e+00,4.059999999999999720e-02,8.793589331303652330e-06
2.182637470956839909e+00,5.899999999999999689e-02,8.111607668347036861e-06
2.180718230100946009e+00,6.039999999999998842e-02,7.480843617340573051e-06
2.178802361540624233e+00,5.899999999999998995e-02,6.897589050085678780e-06
2.176889856395491929e+00,5.719999999999999390e-02,6.358395352896730118e-06
2.174980705816319304e+00,4.099999999999999478e-02,5.860054886516772316e-06
2.173074900984893532e+00,2.819999999999999937e-02,5.399584233076243788e-06
2.171172433113881528e+00,1.040000000000000299e-02,4.974208873123156108e-06
2.169273293446695394e+00,-2.886579864025406873e-18,4.581349051247423225e-06
2.167377473257358744e+00,1.900000000000000647e-02,4.218606663005835070e-06
2.165484963850372147e+00,1.039999999999999779e-02,3.883753043459708504e-06
2.163595756560580785e+00,-1.200000000000000719e-02,3.574717568242901563e-06
2.161747528808772412e+00,-1.999999999999998307e-03,3.295057407188498061e-06
2.159864834265210476e+00,-2.120000000000000356e-02,3.031600394468886379e-06
2.157985416195332462e+00,-2.560000000000000123e-02,2.788626683294068017e-06
2.156109266053450657e+00,-1.799999999999999864e-02,2.564595586123002159e-06
2.154236375323569597e+00,-1.100000000000000283e-02,2.358077756028759431e-06
2.152366735519258611e+00,-4.600000000000002524e-03,2.167747530159751955e-06
2.150500338183520821e+00,1.019999999999999553e-02,1.992375767740628723e-06
2.148637174888669232e+00,-4.600000000000002524e-03,1.830823152874415859e-06
2.146777237236197511e+00,9.999999999999972019e-04,1.682033934210488969e-06
2.144920516856653414e+00,1.559999999999999581e-02,1.545030075156867503e-06
2.143104044244728446e+00,1.640000000000000138e-02,1.421327185941490768e-06
2.141253669487134914e+00,4.039999999999999841e-02,1.305050825994964530e-06
2.139406487232573983e+00,3.979999999999999510e-02,1.198054095300436488e-06
2.137562489225995233e+00,4.119999999999999357e-02,1.099617570582685633e-06
2.135721667240785493e+00,4.759999999999999648e-02,1.009075709321142039e-06
2.133884013078644060e+00,4.159999999999999115e-02,9.258129813665417194e-07
2.132086177547757089e+00,2.819999999999999590e-02,8.507290305519067866e-07
2.130254771598893537e+00,2.520000000000000365e-02,7.802414627668088820e-07
2.128426509208877437e+00,1.880000000000000074e-02,7.154610287868436850e-07
2.126601382290898457e+00,1.519999999999999650e-02,6.559378715139453824e-07
2.124779382785859649e+00,7.599999999999999985e-03,6.012564857322607041e-07
2.122960502662260662e+00,-1.399999999999998685e-03,5.510331937536627257e-07
2.121181018851140632e+00,-1.999999999999997385e-04,5.057981249869101289e-07
2.119368291515689950e+00,-2.200000000000002301e-03,4.633832222202429118e-07
2.117558659790293341e+00,-8.399999999999997746e-03,4.244494823717735529e-07
2.115752115752115525e+00,-7.399999999999997725e-03,3.887182102277902622e-07
2.113948651505336063e+00,-3.999999999999990434e-04,3.559323799757482184e-07
2.112184236973444040e+00,-2.600000000000002483e-03,3.264314549520502351e-07
2.110386847524550191e+00,-4.200000000000001475e-03,2.987963188537148061e-07
2.108592514496573145e+00,-5.999999999999987548e-04,2.734537387874935296e-07
2.106801230100072697e+00,5.000000000000007910e-03,2.502179237165861242e-07
2.105048721692187819e+00,7.200000000000000670e-03,2.293258088919816935e-07
2.103263450709003557e+00,5.599999999999998208e-03,2.097695377875380343e-07
2.101481205301156230e+00,6.999999999999999278e-03,1.918489587873705068e-07
2.099701977783798412e+00,6.599999999999999097e-03,1.754302750263822654e-07
2.097961255392944757e+00,1.460000000000000360e-02,1.606783887577146820e-07
2.096187980728594358e+00,1.840000000000000316e-02,1.468796788528416070e-07
2.094417701207668348e+00,2.400000000000000050e-02,1.342442237246322486e-07
2.092685725858169921e+00,3.719999999999999696e-02,1.228975064405040116e-07
2.090921354377444974e+00,5.500000000000000028e-02,1.122895149334907174e-07
2.089159955521110668e+00,6.019999999999999657e-02,1.025809074378932737e-07
2.087401521783045055e+00,6.159999999999999504e-02,9.369697663299906458e-08
2.085681126267808327e+00,7.639999999999999569e-02,8.572464108733579674e-08
2.083928541418079927e+00,9.199999999999998457e-02,7.827642953710339337e-08
2.082178899467701072e+00,8.219999999999999529e-02,7.146436923549449457e-08
2.080467098419516159e+00,7.399999999999999634e-02,6.535437263240486047e-08
2.078723261583852899e+00,8.339999999999998803e-02,5.964890458375662089e-08
2.076982345650062012e+00,7.240000000000000602e-02,5.443334329323677314e-08
2.075279074827199643e+00,6.640000000000000069e-02,4.975760086709576913e-08
2.073543920670223084e+00,4.959999999999999132e-02,4.539355117876379734e-08
2.071811665636330346e+00,3.399999999999999550e-02,4.140617048871093356e-08
2.070116861435726374e+00,2.679999999999999397e-02,3.783320244440317806e-08
2.068390325271059371e+00,1.079999999999999884e-02,3.449999863079240126e-08
2.066666666666666874e+00,3.200000000000003189e-03,3.145594027201823985e-08
2.064980266116005048e+00,1.499999999999999771e-02,2.872953079306243868e-08
2.063262283898234628e+00,7.599999999999998250e-03,2.618725774987881484e-08
2.061581432466582431e+00,-6.399999999999998572e-03,2.391096663185786283e-08
2.059869098641150753e+00,-3.400000000000001112e-03,2.178905387664515071e-08
2.058159606957907339e+00,-3.599999999999998600e-03,1.985269990222480594e-08
2.056487055740749970e+00,-1.000000000000000194e-02,1.811971496006944868e-08
2.054783170662998870e+00,-1.820000000000000090e-02,1.650498249614707934e-08
2.053116100403999944e+00,-2.539999999999999897e-02,1.506026415626455098e-08
2.051417794394997163e+00,-2.059999999999999332e-02,1.371451964043393477e-08
2.049722295688971130e+00,-3.899999999999999994e-02,1.248736652708362929e-08
2.048063423899578517e+00,-4.219999999999999446e-02,1.138989490118777445e-08
2.046373463157026062e+00,-5.000000000000000278e-02,1.036804698653992254e-08
2.044720005276696728e+00,-4.719999999999999196e-02,9.454442348135340720e-09
2.043035555409101089e+00,-3.959999999999999631e-02,8.604029554964484066e-09
2.041387484977692957e+00,-3.479999999999999066e-02,7.843911193816337325e-09
2.039708519072919835e+00,-2.979999999999999663e-02,7.136563166872964329e-09
2.038065809802439343e+00,-2.239999999999999977e-02,6.504492134552387591e-09
2.036392301123300275e+00,-1.540000000000000223e-02,5.916461261033828824e-09
2.034721538512028083e+00,-2.159999999999999420e-02,5.380923929500439568e-09
2.033086848879342767e+00,-1.540000000000000223e-02,4.902572176603064269e-09
2.031421503579561527e+00,-2.599999999999995978e-03,4.457727911738139801e-09
2.029792110001637173e+00,3.199999999999997551e-03,4.060489196465479638e-09
2.028132155708210593e+00,5.600000000000001678e-03,3.691172337319559549e-09
2.026508032489499733e+00,3.999999999999999216e-03,3.361463584000164291e-09
2.024853443067326619e+00,-3.800000000000001293e-03,3.055008531139535227e-09
2.023234564678240588e+00,1.000000000000001322e-03,2.781489407096232644e-09
2.021585314160879054e+00,7.200000000000000670e-03,2.527325115734289938e-09
2.019971655236450836e+00,1.540000000000000223e-02,2.300533609115894750e-09
2.018360570349631899e+00,3.320000000000000034e-02,2.093863519541767594e-09
2.016719253163321568e+00,4.739999999999999769e-02,1.901888777950953556e-09
2.015113350125944613e+00,4.740000000000000463e-02,1.730651953071583641e-09
2.013477307785986881e+00,5.340000000000000302e-02,1.571629474755528547e-09
2.011876561638056948e+00,3.839999999999998970e-02,1.429819340462615944e-09
2.010245768756889984e+00,3.979999999999999510e-02,1.298155894566388828e-09
2.008650154698459200e+00,4.700000000000000011e-02,1.180771234781644448e-09
2.007024586051179060e+00,4.399999999999998357e-02,1.071811112269613435e-09
2.005434079441065887e+00,2.479999999999999219e-02,9.746901962067460974e-10
2.003813709964124889e+00,1.720000000000000348e-02,8.845602802365547335e-10
2.002228286318644912e+00,1.039999999999999779e-02,8.042419125404587434e-10
2.000645369474023827e+00,1.180000000000000493e-02,7.311431786168642880e-10
1.999032726100274271e+00,-4.199999999999998873e-03,6.633291466127045543e-10
1.997454855909405858e+00,8.000000000000007105e-03,6.029175780116389562e-10
1.995847349868821397e+00,2.079999999999999558e-02,5.468858694774514650e-10
1.994274502235517499e+00,2.220000000000000098e-02,4.969814288954299888e-10
1.992704131647034194e+00,1.899999999999999606e-02,4.515874675978794320e-10
1.991104259999678883e+00,7.799999999999991836e-03,4.094982003509633014e-10
1.989538876231428333e+00,2.680000000000000437e-02,3.720235740734718171e-10
1.987975951903807603e+00,3.080000000000000446e-02,3.379467246605259520e-10
1.986383660392470940e+00,2.540000000000000244e-02,3.063606421725356697e-10
1.984825687485994195e+00,2.580000000000000002e-02,2.782464356741983524e-10
1.983238436440406760e+00,1.919999999999999485e-02,2.521925511073952528e-10
1.981685391462771451e+00,1.019999999999999726e-02,2.290072051516149441e-10
1.980134776915460915e+00,3.599999999999999034e-03,2.079347522116374453e-10
1.978555016594332416e+00,1.600000000000000510e-03,1.884124724467197468e-10
1.977009295132411637e+00,5.800000000000000468e-03,1.710448066042210903e-10
1.975465986936434382e+00,2.800000000000000405e-02,1.552645064869307684e-10
1.973893664438076900e+00,3.720000000000000390e-02,1.406493711439741516e-10
1.972355214811751356e+00,4.340000000000000108e-02,1.276510599272009049e-10
1.970819161448234436e+00,5.500000000000000028e-02,1.158441482777141043e-10
1.969285498753315267e+00,4.839999999999999164e-02,1.051204344301397085e-10
1.967722995382198636e+00,6.039999999999998842e-02,9.519229833324717574e-11
1.966194145815495009e+00,4.579999999999999349e-02,8.636580759727595666e-11
1.964667670125960663e+00,3.899999999999998607e-02,7.835130012263110946e-11
1.963112483178975687e+00,3.359999999999998405e-02,7.093343228981354370e-11
1.961590786851014068e+00,1.399999999999998294e-02,6.434047639365964571e-11
1.960071447765676655e+00,-1.580000000000000848e-02,5.835564444290594768e-11
1.958554460449835721e+00,-2.760000000000000647e-02,5.292331991787366400e-11
1.957008932798838474e+00,-2.599999999999999534e-02,4.789720052886581185e-11
1.955496680386683561e+00,-3.859999999999999543e-02,4.343159861234806579e-11
1.953986763315474162e+00,-3.419999999999998735e-02,3.937930514125068950e-11
1.952479176179753972e+00,-3.099999999999998937e-02,3.570237754445792320e-11
1.950943218112304978e+00,-2.919999999999999679e-02,3.230156652176602074e-11
1.949440321972078838e+00,-1.019999999999999553e-02,2.928104949335333522e-11
1.947939739541605597e+00,-6.200000000000002384e-03,2.654101116551112613e-11
1.946441465482058319e+00,7.999999999999983036e-04,2.405560936924919639e-11
1.944914988393249500e+00,3.100000000000000325e-02,2.175761098674228679e-11
1.943421361962228699e+00,3.219999999999999252e-02,1.971725744808205824e-11
1.941930027876092479e+00,2.640000000000000333e-02,1.786696452193807163e-11
1.940440980861618536e+00,2.199999999999999525e-02,1.618915961963540722e-11
1.938954215661746305e+00,2.500000000000000486e-02,1.466788138165000088e-11
1.937439455017030854e+00,2.639999999999999986e-02,1.326186978783073027e-11
1.935957284039281134e+00,2.959999999999999437e-02,1.201398858221991529e-11
1.934477379095163707e+00,7.799999999999991836e-03,1.088278618861453877e-11
1.932999734991971863e+00,3.799999999999996957e-03,9.857429754831356567e-12
1.931524346552851990e+00,2.300000000000000308e-02,8.928084284006150360e-12
1.930051208616744729e+00,4.999999999999998369e-03,8.085821525959247231e-12
1.928550321165839687e+00,-1.599999999999999643e-03,7.307729426224612295e-12
1.927081714481086561e+00,-2.220000000000000445e-02,6.617457440833075903e-12
1.925615342806118457e+00,-1.079999999999999884e-02,5.992002398023936690e-12
1.924151201042765713e+00,-1.739999999999999880e-02,5.425318016610044594e-12
1.922689284108352936e+00,-1.459999999999999493e-02,4.911917881910234850e-12
1.921229586935638833e+00,-6.200000000000000649e-03,4.446824029779497370e-12
1.919772104472759366e+00,5.999999999999987548e-04,4.025520209029070701e-12
1.918316831683168466e+00,5.599999999999999943e-03,3.643909400945533303e-12
1.916834132014221703e+00,3.400000000000002846e-03,3.291571856523766026e-12
1.915383308361266135e+00,2.360000000000000986e-02,2.979176011947827007e-12
1.913934679261591665e+00,2.339999999999999372e-02,2.696269413722811492e-12
1.912488239739654761e+00,4.560000000000000164e-02,2.440085102535254006e-12
1.911043984834941201e+00,5.540000000000000480e-02,2.208113997439840316e-12
1.909601909601909453e+00,4.499999999999999833e-02,1.998081042243185805e-12
1.908162009109934720e+00,2.319999999999999493e-02,1.807923539792075328e-12
1.906724278443251874e+00,1.159999999999999920e-02,1.635771475379146846e-12
1.905288712700900167e+00,1.720000000000000348e-02,1.479929648348938345e-12
1.903855306996668384e+00,1.199999999999999852e-02,1.338861447269192294e-12
1.902424056459036672e+00,1.060000000000000178e-02,1.211174118866326648e-12
1.900994956231124355e+00,3.200000000000007092e-03,1.095605394438975393e-12
1.899568001470633316e+00,6.400000000000002041e-03,9.910113497696607005e-13
1.898143187349794259e+00,-9.999999999999978524e-04,8.963553857664467250e-13
1.896720509055310755e+00,-1.599999999999999339e-02,8.106982272723859625e-13
1.895299961788307286e+00,-1.739999999999999880e-02,7.331888467757962551e-13
1.893852615502100045e+00,3.200000000000002755e-03,6.616967442424115068e-13
1.892436359196630224e+00,1.799999999999997132e-03,5.983719006177607262e-13
1.891022219511079294e+00,-9.800000000000004888e-03,5.410803491061639507e-13
1.889610191704001574e+00,-1.260000000000000356e-02,4.892501331295487628e-13
1.888200271048103396e+00,-1.799999999999999864e-02,4.423632147356335036e-13
1.886792452830188482e+00,-3.239999999999999825e-02,3.999504234425136913e-13
1.885386732351107542e+00,-3.980000000000000204e-02,3.615868749694496922e-13
1.884011729492380605e+00,-4.839999999999999858e-02,3.275616864831682234e-13
1.882610147875990680e+00,-5.739999999999999269e-02,2.961143131424801815e-13
1.881210650079648161e+00,-5.059999999999999221e-02,2.676737284381199119e-13
1.879813231459584122e+00,-7.579999999999999238e-02,2.419537606794069202e-13
1.878417887385817941e+00,-6.159999999999999504e-02,2.186953345593927906e-13
1.877024613242105788e+00,-4.079999999999999599e-02,1.976639202977297765e-13
1.875633404425889772e+00,-4.059999999999999720e-02,1.786472213716751001e-13
1.874244256348246651e+00,-5.899999999999999689e-02,1.614530786808419642e-13
1.872857164433838317e+00,-6.400000000000000133e-02,1.459075710318488473e-13
1.871472124120860725e+00,-5.479999999999998761e-02,1.318532936831880975e-13
1.870089130860994819e+00,-3.599999999999999034e-02,1.191477983755857720e-13
1.868708180119356355e+00,-4.299999999999999656e-02,1.076621798038252916e-13
1.867329267374444823e+00,-6.079999999999999988e-02,9.727979487668445125e-14
1.865952388118096827e+00,-5.779999999999999721e-02,8.789510237491524036e-14
1.864577537855435230e+00,-6.759999999999999343e-02,7.941261176438252871e-14
1.863232708749680722e+00,-7.279999999999998972e-02,7.189476769506185080e-14
1.861861861861861867e+00,-6.400000000000000133e-02,6.495141721440183669e-14
1.860493030653123103e+00,-5.140000000000000124e-02,5.867639206827584995e-14
1.859126210680979829e+00,-4.559999999999999470e-02,5.300560686523299249e-14
1.857761397515993229e+00,-4.859999999999999737e-02,4.788109506237420180e-14
1.856398586741720980e+00,-6.719999999999998197e-02,4.325042755047789099e-14
1.855037773954671065e+00,-6.459999999999999076e-02,3.906618618686755775e-14
1.853678954764253817e+00,-4.819999999999999285e-02,3.528548711453665734e-14
1.852349795345224370e+00,-3.540000000000000785e-02,3.193585330601072828e-14
1.850994909763998164e+00,-2.960000000000000131e-02,2.884320680449254091e-14
1.849642004773269788e+00,-3.079999999999999752e-02,2.604915721830631283e-14
1.848291076033328872e+00,-2.679999999999999397e-02,2.352497284106111063e-14
1.846942119217134914e+00,-2.299999999999999614e-02,2.124467594337259204e-14
1.845595130010269758e+00,-2.820000000000000631e-02,1.918477994888096858e-14
1.844277534022458420e+00,-3.119999999999999857e-02,1.736016460896746471e-14
1.842934427204089953e+00,-2.419999999999999582e-02,1.567591508509840431e-14
1.841593275214233660e+00,7.327471962526033512e-18,1.415462277478746818e-14
1.840254073788252009e+00,1.500000000000000291e-02,1.278057024125484743e-14
1.838916818673903775e+00,4.160000000000001197e-02,1.153955062326695169e-14
1.837608737533158454e+00,5.800000000000000294e-02,1.044047415938361788e-14
1.836275322829048706e+00,6.439999999999999891e-02,9.426125306409511472e-15
1.834943841839679290e+00,6.219999999999999141e-02,8.510077501055544884e-15
1.833614290361695209e+00,5.639999999999999875e-02,7.682832008416465743e-15
1.832286664203915727e+00,8.099999999999998868e-02,6.935804900670448465e-15
1.830987995215805464e+00,8.979999999999997706e-02,6.274329033617372673e-15
1.829664168093017684e+00,9.319999999999997731e-02,5.663945400648110868e-15
1.828342253874168710e+00,7.479999999999999150e-02,5.112803563953372406e-15
1.827022248416089401e+00,5.599999999999998729e-02,4.615169192371912022e-15
1.825731028593303717e+00,2.559999999999999429e-02,4.174579447549583640e-15
1.824414789530213410e+00,6.399999999999993368e-03,3.768070175094848375e-15
1.823100446953658027e+00,4.399999999999997663e-03,3.401059767416805281e-15
1.821814762576398739e+00,9.199999999999999845e-03,3.076148856628662021e-15
1.820504162201048270e+00,2.159999999999999767e-02,2.776396316093422139e-15
1.819195446143012207e+00,9.599999999999997424e-03,2.505792770462947689e-15
1.817888610341440447e+00,-2.200000000000001434e-03,2.261510494583375193e-15
1.816610263847990625e+00,-7.999999999999971110e-04,2.045273660854624623e-15
1.815307138256133879e+00,1.100000000000000283e-02,1.845802166125981936e-15
1.814005880890033007e+00,5.399999999999993347e-03,1.665747533734328440e-15
1.812732987354725545e+00,1.519999999999999823e-02,1.506377045632256016e-15
1.811435416484062477e+00,2.139999999999999541e-02,1.359374268738597469e-15
1.810139701910865373e+00,3.519999999999999518e-02,1.226691151941273891e-15
1.808872226517483250e+00,2.199999999999999525e-02,1.109259054883569037e-15
1.807580174927113648e+00,1.299999999999999940e-02,1.000948053716684609e-15
1.806289967807251262e+00,1.219999999999999904e-02,9.031948444896838145e-16
1.805027876035343537e+00,2.840000000000000163e-02,8.166838394418569369e-16
1.803741308585226744e+00,2.539999999999999897e-02,7.368978100367172381e-16
1.802456573878915558e+00,8.399999999999992542e-03,6.648940350116521716e-16
1.801199831500660986e+00,2.579999999999999655e-02,6.011754110704764355e-16
1.799918713348429566e+00,2.879999999999999921e-02,5.424138639241304611e-16
1.798665506237307810e+00,2.939999999999999905e-02,4.904159630351396972e-16
1.797387989389612972e+00,1.119999999999999989e-02,4.424653158225212301e-16
1.796112285987427226e+00,1.820000000000000437e-02,3.991963580202933317e-16
1.794864371942216819e+00,1.839999999999999969e-02,3.609101433684156099e-16
1.793592247052867572e+00,1.940000000000000058e-02,3.256060526569445184e-16
1.792347831114579959e+00,-1.360000000000000618e-02,2.943687008861705722e-16
1.791079269701871812e+00,-1.419999999999999908e-02,2.655655273599123162e-16
1.789812502706369823e+00,-9.000000000000002789e-03,2.395770894201022559e-16
1.788573324294306932e+00,-2.440000000000000502e-02,2.165835776439289864e-16
1.787310098302055561e+00,-4.000000000000000083e-02,1.953829895896706827e-16
1.786074381355688079e+00,-4.359999999999999987e-02,1.766262267283384185e-16
1.784814681540122239e+00,-4.539999999999999591e-02,1.593326159700172803e-16
1.783582411576025262e+00,-5.859999999999999931e-02,1.440329776384420338e-16
1.782326223193238635e+00,-6.479999999999999649e-02,1.299272726618509578e-16
1.781097385808675604e+00,-7.820000000000000562e-02,1.174483689977197662e-16
1.779844694196844879e+00,-3.959999999999998938e-02,1.059436359595844203e-16
1.778619275069208472e+00,-2.859999999999999001e-02,9.576604549456059028e-17
1.777370065648023578e+00,-1.679999999999999549e-02,8.638325104968535578e-17
1.776122609754350767e+00,4.800000000000007386e-03,7.791889161256926731e-17
1.774902308804374274e+00,2.139999999999999888e-02,7.043127102013604985e-17
1.773658313308158707e+00,3.400000000000000244e-02,6.352866870750180686e-17
1.772441395082904547e+00,2.999999999999999889e-02,5.742275100528695508e-17
1.771200845605565011e+00,4.659999999999999559e-02,5.179404393639191773e-17
1.769987296058923354e+00,5.439999999999999697e-02,4.681511740806144135e-17
1.768775408316097364e+00,7.019999999999998463e-02,4.231444923844292407e-17
1.767539983464948561e+00,4.839999999999999164e-02,3.816568353493394849e-17
1.766331443548616820e+00,2.499999999999999445e-02,3.449598293178440516e-17
1.765099429189620039e+00,1.519999999999999997e-02,3.111328872156437585e-17
1.763894223246418758e+00,2.599999999999999447e-03,2.812126559406024204e-17
1.762665605276624747e+00,-2.999999999999998328e-03,2.536330637937937003e-17
1.761463719529518634e+00,-1.339999999999999872e-02,2.292391704993600884e-17
1.760238483923628250e+00,-1.360000000000000445e-02,2.067540412698497807e-17
1.759039904671386045e+00,-2.840000000000000163e-02,1.868665350643865005e-17
1.757818037481216900e+00,-2.339999999999999372e-02,1.685355183529558950e-17
1.756622751097889346e+00,-2.139999999999999888e-02,1.523225052844154998e-17
1.755429089158809797e+00,-1.779999999999999291e-02,1.376684695670407177e-17
1.754212231386252041e+00,-1.520000000000000344e-02,1.241616680018043509e-17
1.753021842086661453e+00,6.000000000000049348e-04,1.122157600423846627e-17
1.751808318264014286e+00,-4.000000000000003553e-03,1.012052403067177946e-17
1.750621188163541841e+00,-1.039999999999999779e-02,9.146727727210225179e-18
1.749435665914221394e+00,6.600000000000009505e-03,8.266600147300852544e-18
1.748227100339776463e+00,2.700000000000000316e-02,7.455404829673131820e-18
1.747044817335193123e+00,4.700000000000000011e-02,6.737978529769420769e-18
1.745864132347764830e+00,4.059999999999999720e-02,6.089572783904572397e-18
1.744660494695669195e+00,2.379999999999999130e-02,5.491961154204552501e-18
1.743483029161159603e+00,3.419999999999999429e-02,4.963438411087343112e-18
1.742282671312753717e+00,5.279999999999999971e-02,4.476323474548003690e-18
1.741108412081045609e+00,4.399999999999999745e-02,4.045527206603800132e-18
1.739935734631737008e+00,5.019999999999999463e-02,3.656185519791746655e-18
1.738740254641314875e+00,5.859999999999999237e-02,3.297351951161695901e-18
1.737570763970629484e+00,3.459999999999999187e-02,2.980009382245928330e-18
1.736402845460146782e+00,2.539999999999999897e-02,2.693207144983125002e-18
1.735212213655000557e+00,8.399999999999994277e-03,2.428880913933102278e-18
1.734047462557160468e+00,2.399999999999998489e-03,2.195120219472370749e-18
1.732884274075212616e+00,9.400000000000000369e-03,1.983857885810204188e-18
1.731722645066685384e+00,-4.600000000000002524e-03,1.792928968284057239e-18
1.730538420744131667e+00,-1.639999999999999791e-02,1.616964355132100536e-18
1.729379933614125120e+00,-2.319999999999999840e-02,1.461348813247657975e-18
1.728222996515679455e+00,-3.000000000000000236e-02,1.320711520876485100e-18
1.727043552138609162e+00,-3.319999999999999341e-02,1.191097384725246426e-18
1.725889737915292210e+00,-3.360000000000000486e-02,1.076472577691362369e-18
1.724737464357743777e+00,-4.599999999999999922e-02,9.728808335141321481e-19
1.723586728382191513e+00,-3.760000000000000148e-02,8.792601981902328577e-19
1.722413601511279202e+00,-2.519999999999999671e-02,7.929776726356187148e-19
1.721265963353692419e+00,-1.419999999999999214e-02,7.166733789765533618e-19
1.720119853512373842e+00,-9.399999999999998634e-03,6.477135991064676086e-19
1.718975268936453249e+00,-6.199999999999998047e-03,5.853913464969870246e-19
1.717808408949227594e+00,2.399999999999999790e-03,5.279538194675713033e-19
1.716666897401464498e+00,1.999999999999998741e-03,4.771585035187817547e-19
1.715526901952103778e+00,-2.200000000000001000e-03,4.312521483409924356e-19
1.714388419582740131e+00,1.820000000000000437e-02,3.897641187145833507e-19
1.713251447282976736e+00,3.360000000000000486e-02,3.522690830389456349e-19
1.712092342528926059e+00,3.699999999999999817e-02,3.177125097675229207e-19
1.710958412672130668e+00,3.219999999999999252e-02,2.871517957602808129e-19
1.709825983839386554e+00,1.499999999999999598e-02,2.595321529299905225e-19
1.708695053052225354e+00,1.259999999999999835e-02,2.345704600076324714e-19
1.707565617340053521e+00,1.259999999999999835e-02,2.120108523734788814e-19
1.706414190760592975e+00,-2.109423746787797374e-18,1.912188833110603868e-19
1.705287767310733837e+00,1.399999999999999552e-03,1.728308112002235711e-19
1.704162830009757768e+00,1.039999999999999779e-02,1.562120370365581208e-19
1.703039375918473874e+00,-9.800000000000001418e-03,1.411922511520048876e-19
1.701917402105436405e+00,-2.120000000000000356e-02,1.276175407737797748e-19
1.700796905646919877e+00,-3.219999999999999946e-02,1.153488114168920066e-19
1.699654586326004857e+00,-4.200000000000000261e-02,1.040410678574948208e-19
1.698537066462111778e+00,-3.859999999999999543e-02,9.404038895714046860e-20
1.697421015167278169e+00,-3.679999999999999938e-02,8.500169385842001113e-20
1.696306429548563699e+00,-2.899999999999999453e-02,7.683239849430477190e-20
1.695193306720621074e+00,-1.219999999999999210e-02,6.944883229391105111e-20
1.694081643805672277e+00,-2.999999999999996593e-03,6.277537993526416502e-20
1.692971437933482370e+00,-1.019999999999999726e-02,5.674370572733986744e-20
1.691862686241336178e+00,-1.079999999999999884e-02,5.129205266874405072e-20
1.690755385874011418e+00,-1.299999999999999767e-02,4.636460899530291525e-20
1.689649533983757612e+00,-1.080000000000000057e-02,4.191093572035712753e-20
1.688522134618788861e+00,-1.940000000000000405e-02,3.780583588373056447e-20
1.687419201197523311e+00,-2.780000000000000526e-02,3.417499403554004197e-20
1.686317707695864421e+00,-3.559999999999999970e-02,3.089317692243874767e-20
1.685217651295850994e+00,-4.700000000000000011e-02,2.792680878544446583e-20
1.684119029186869287e+00,-4.659999999999999559e-02,2.524554558361864667e-20
1.683021838565631034e+00,-3.559999999999999276e-02,2.282196382759696115e-20
1.681926076636147904e+00,-3.459999999999999881e-02,2.063127937806152611e-20
1.680831740609708191e+00,-3.180000000000000188e-02,1.865109332381153528e-20
1.679738827704853499e+00,-1.639999999999999097e-02,1.686116233179748073e-20
1.678647335147355424e+00,-1.880000000000001115e-02,1.524319111254006454e-20
1.677557260170190911e+00,-4.999999999999998369e-03,1.378064487121277423e-20
1.676468600013520049e+00,2.439999999999999808e-02,1.245857981973007945e-20
1.675381351924661866e+00,4.039999999999999841e-02,1.126349001047688580e-20
1.674295513158072346e+00,4.399999999999999051e-02,1.018316891980801915e-20
1.673211080975320009e+00,2.799999999999999364e-02,9.206584360792927627e-21
1.672128052645063701e+00,1.419999999999999908e-02,8.323765441481561922e-21
1.671046425443029504e+00,9.999999999999996739e-03,7.525700408580911881e-21
1.669966196651987200e+00,1.920000000000000179e-02,6.804244328156349599e-21
1.668887363561728732e+00,1.380000000000000150e-02,6.152035655940520244e-21
1.667809923469044664e+00,7.999999999999996697e-03,5.562420841070210525e-21
1.666733873677701983e+00,-8.600000000000006944e-03,5.029386189538763776e-21
1.665659211498421444e+00,-4.079999999999999599e-02,4.547496288165460269e-21
1.664585934248855814e+00,-5.079999999999999793e-02,4.111838357230318345e-21
1.663514039253565224e+00,-5.179999999999999882e-02,3.717971960778643391e-21
1.662443523843998516e+00,-4.899999999999999495e-02,3.361883558602175116e-21
1.661374385358468375e+00,-5.339999999999998914e-02,3.039945433596777411e-21
1.660306621142130235e+00,-6.500000000000000222e-02,2.748878573120018116e-21
1.659240228546960516e+00,-6.299999999999998657e-02,2.485719123553839689e-21
1.658197378978336634e+00,-5.259999999999998010e-02,2.252504360387834424e-21
1.657133693269899011e+00,-4.019999999999999962e-02,2.036928095348902734e-21
1.656071371333938780e+00,-1.660000000000000017e-02,1.842013163552323941e-21
1.655010410549356603e+00,2.199999999999998398e-03,1.665776819307999967e-21
1.653950808301765996e+00,7.199999999999999803e-03,1.506426798882495658e-21
1.652892561983470898e+00,3.999999999999998349e-03,1.362343003971015410e-21
1.651835668993446138e+00,1.799999999999992795e-03,1.232060947780505146e-21
1.650780126737313003e+00,1.079999999999999884e-02,1.114256794011036200e-21
1.649725932627321701e+00,2.959999999999999784e-02,1.007733835371754051e-21
1.648695004720054147e+00,1.919999999999999485e-02,9.133197318859226971e-22
1.647643471212745236e+00,1.359999999999999924e-02,8.260348436222198959e-22
1.646593278181311071e+00,2.420000000000000276e-02,7.471048850151885659e-22
1.645544423064163153e+00,3.040000000000000688e-02,6.757289794454744562e-22
1.644496903306234659e+00,4.620000000000000495e-02,6.111831167753511845e-22
1.643450716358961561e+00,5.739999999999999963e-02,5.528127677768220145e-22
1.642427613976529033e+00,7.520000000000000295e-02,5.010726674805822983e-22
1.641384057395494089e+00,7.919999999999999263e-02,4.532348653053889826e-22
1.640341826070851994e+00,6.539999999999998592e-02,4.099718557791838472e-22
1.639300917479707076e+00,6.819999999999999674e-02,3.708454772654473667e-22
1.638261329105562103e+00,7.220000000000000029e-02,3.354595915228292001e-22
1.637244675653907633e+00,6.459999999999999076e-02,3.040905245906632597e-22
1.636207692815200954e+00,5.159999999999998616e-02,2.750848839449641468e-22
1.635172022734165731e+00,4.399999999999999051e-02,2.488508144897987258e-22
1.634137662919571632e+00,3.119999999999999510e-02,2.251230586202959113e-22
1.633104610886486174e+00,1.199999999999999505e-02,2.036617825206920741e-22
1.632094345582815631e+00,-4.599999999999999922e-03,1.846349929663545988e-22
1.631063874565926497e+00,9.200000000000008518e-03,1.670401594312322968e-22
1.630034703964664988e+00,1.660000000000000017e-02,1.511251117316325460e-22
1.629006831318969839e+00,-7.400000000000006399e-03,1.367292091527997317e-22
1.628001628001628065e+00,-4.999999999999998369e-03,1.239653819193487554e-22
1.626976316997966299e+00,-2.439999999999999808e-02,1.121612820254813477e-22
1.625952296657618978e+00,-3.520000000000000212e-02,1.014833141191829042e-22
1.624929564545085192e+00,-3.199999999999999373e-02,9.182385500022184537e-23
1.623929385264150316e+00,-3.899999999999999994e-02,8.325884214451690349e-23
1.622909195612910027e+00,-2.839999999999999469e-02,7.533723265229507873e-23
1.621890286969942752e+00,-2.319999999999999493e-02,6.817079605324442769e-23
1.620893844524908145e+00,-2.959999999999999437e-02,6.181596425972503335e-23
1.619877464107956966e+00,-2.559999999999999082e-02,5.593815829289299832e-23
1.618862357533584762e+00,-2.199999999999994061e-03,5.062036633330784355e-23
1.617848522408506629e+00,-1.200000000000000025e-02,4.580913326807000982e-23
1.616857038543785707e+00,-8.881784197001252508e-19,4.154243109547530106e-23
1.615845712796455613e+00,9.599999999999997424e-03,3.759568763232274340e-23
1.614835651403865091e+00,7.000000000000001880e-03,3.402467787422037450e-23
1.613847855794884989e+00,2.300000000000001349e-02,3.085763469811551538e-23
1.612840289790981041e+00,1.619999999999999565e-02,2.792790369181123916e-23
1.611833981099946911e+00,1.579999999999999807e-02,2.527691682835671848e-23
1.610849853204811888e+00,2.560000000000000470e-02,2.292567049921879947e-23
1.609846026017188958e+00,1.879999999999999380e-02,2.075046807831685234e-23
1.608864323433627730e+00,1.880000000000000074e-02,1.882112750691367520e-23
1.607862968581838858e+00,3.239999999999999131e-02,1.703616448357816125e-23
1.606862859438375368e+00,3.839999999999998970e-02,1.542085237886134806e-23
1.605884790716950006e+00,3.959999999999999631e-02,1.398802378170352169e-23
1.604887140194657391e+00,2.859999999999999001e-02,1.266232971627576795e-23
1.603911474434427165e+00,7.799999999999994438e-03,1.148634845208720691e-23
1.602916273478198983e+00,9.600000000000000894e-03,1.039824827170605195e-23
1.601922306768121640e+00,6.199999999999998047e-03,9.413454940753645374e-24
1.600950241433625187e+00,2.800000000000006477e-03,8.539816564887809833e-24
