3.878878878878878833e+00,6.312727272727269856e-02
3.872579637726420998e+00,5.225454545454543548e-02
3.866180276244816305e+00,4.138181818181815852e-02
3.859922178988326902e+00,3.050909090909089544e-02
3.853684308667681968e+00,1.963636363636361848e-02
3.847347192057089416e+00,1.080000000000000057e-02
3.841149866798835522e+00,2.399999999999999790e-03
3.834853873511674394e+00,6.000000000000000992e-03
3.828696699292926109e+00,6.800000000000001356e-03
3.822559265082154489e+00,-7.600000000000005189e-03
3.816324018219869441e+00,-7.599999999999999985e-03
3.810226155358898747e+00,1.080000000000000578e-02
3.804147748189962375e+00,2.200000000000000219e-02
3.797972372813868791e+00,2.820000000000000284e-02
3.791932968410752114e+00,3.540000000000000091e-02
3.785797154546009402e+00,2.319999999999999493e-02
3.779796378711211435e+00,2.339999999999999719e-02
3.773814596140970590e+00,9.199999999999992906e-03
3.767737230713135155e+00,2.799999999999997369e-03
3.761793526074689975e+00,2.459999999999999687e-02
3.755868544600939440e+00,2.800000000000000058e-02
3.749848796419499308e+00,1.779999999999999638e-02
3.743961352657005026e+00,1.480000000000000239e-02
3.738092367056553567e+00,1.739999999999999880e-02
3.732241752949674751e+00,1.700000000000000122e-02
3.726297442678126348e+00,2.379999999999999824e-02
3.720483662876173714e+00,2.399999999999999703e-02
3.714687996165483508e+00,2.739999999999999380e-02
3.708799425734282895e+00,3.860000000000000236e-02
3.703040076449859441e+00,2.879999999999999574e-02
3.697298586677798315e+00,3.360000000000000486e-02
3.691574873474248619e+00,3.619999999999999607e-02
3.685759296138869878e+00,4.100000000000000172e-02
3.680071227185042204e+00,2.419999999999999582e-02
3.674400687468515336e+00,7.599999999999993913e-03
3.668639053254437954e+00,1.120000000000000509e-02
3.663003663003663313e+00,1.460000000000000187e-02
3.657385559226050020e+00,2.700000000000000663e-02
3.651784662504417245e+00,2.920000000000001067e-02
3.646093681084419114e+00,2.819999999999999937e-02
3.640527289275123923e+00,1.399999999999999682e-02
3.634977867675079910e+00,8.400000000000001216e-03
3.629445338797014919e+00,-5.799999999999993529e-03
3.623929625624689344e+00,1.720000000000000695e-02
3.618325065655092043e+00,2.839999999999999816e-02
3.612843074412912525e+00,2.939999999999999905e-02
3.607377669168557510e+00,3.020000000000000115e-02
3.601928774763260233e+00,2.460000000000000034e-02
3.596496316491676115e+00,2.100000000000000130e-02
3.590976224262257155e+00,1.939999999999999711e-02
3.585576728450394768e+00,1.299999999999999593e-02
3.580193445936191488e+00,8.399999999999994277e-03
3.574826303802577154e+00,1.139999999999999521e-02
3.569475229569072372e+00,-9.000000000000002789e-03
3.564037709818348887e+00,-1.700000000000000469e-02
3.558718861209964501e+00,-3.039999999999999994e-02
3.553415864282439607e+00,-3.319999999999999341e-02
3.548128648277440789e+00,-2.679999999999999744e-02
3.542857142857142705e+00,-1.499999999999999251e-02
3.537601278101107027e+00,-3.199999999999992347e-03
3.532360984503190249e+00,1.320000000000000687e-02
3.527035867679267245e+00,2.420000000000000276e-02
3.521826805646283809e+00,2.039999999999999800e-02
3.516633107399109281e+00,2.460000000000000034e-02
3.511454705066122894e+00,3.679999999999999938e-02
3.506291531174890785e+00,3.879999999999998728e-02
3.501143518649235897e+00,4.119999999999999357e-02
3.496010600806338076e+00,3.319999999999998647e-02
3.490892711353847044e+00,2.160000000000000114e-02
3.485789784387034906e+00,2.640000000000000679e-02
3.480604053219559013e+00,1.659999999999999670e-02
3.475531139637872524e+00,1.840000000000000316e-02
3.470472991883571279e+00,6.599999999999990423e-03
3.465429545581577564e+00,-3.400000000000005882e-03
3.460400736730479654e+00,-1.120000000000000162e-02
3.455386501699827306e+00,-8.800000000000000530e-03
3.450386777227447244e+00,-4.799999999999988304e-03
3.445401500416782614e+00,3.200000000000003189e-03
3.440430608734254214e+00,-1.340000000000000566e-02
3.435474040006649243e+00,-1.659999999999999323e-02
3.430531732418525159e+00,-1.779999999999999638e-02
3.425603624509641065e+00,-3.060000000000000220e-02
3.420689655172413968e+00,-2.560000000000000123e-02
3.415789763649385691e+00,-1.439999999999999961e-02
3.410903889530725319e+00,-1.680000000000000243e-02
3.406031972751744075e+00,-1.779999999999999985e-02
3.401173953590432841e+00,-2.439999999999999808e-02
3.396329772665023228e+00,-3.099999999999999284e-02
3.391499370931568169e+00,-1.299999999999999420e-02
3.386682689681542513e+00,-1.599999999999989885e-03
3.381879670539464033e+00,1.280000000000000408e-02
3.377090255460537094e+00,1.720000000000000348e-02
3.372314386728311408e+00,3.400000000000000938e-02
3.367552006952365229e+00,2.939999999999999558e-02
3.362803059066008515e+00,4.100000000000000172e-02
3.358067486323999429e+00,4.740000000000000463e-02
3.353345232300287027e+00,5.299999999999999850e-02
3.348636240885768167e+00,5.040000000000000729e-02
3.343940456286068841e+00,3.599999999999999728e-02
3.339257823019335714e+00,2.500000000000000486e-02
3.334588285914053429e+00,1.700000000000000122e-02
3.329931790106880118e+00,2.040000000000000147e-02
3.325288281040493565e+00,-1.400000000000004756e-03
3.320657704461464022e+00,7.999999999999971110e-04
3.316040006418142116e+00,4.800000000000006518e-03
3.311435133258559205e+00,2.680000000000001131e-02
3.306843031628353469e+00,2.419999999999999929e-02
3.302351593917281392e+00,2.039999999999999453e-02
3.297784633387410125e+00,1.959999999999999590e-02
3.293230287095318065e+00,7.999999999999994962e-03
3.288688502851080830e+00,1.280000000000000235e-02
3.284159228752284498e+00,7.199999999999995466e-03
3.279642413182046745e+00,1.219999999999999210e-02
3.275138004807057079e+00,1.239999999999999609e-02
3.270645952575633508e+00,1.320000000000000513e-02
3.266166205715791193e+00,2.000000000000064064e-04
3.261784511784511675e+00,8.000000000000042667e-04
3.257328990228013144e+00,-2.360000000000000986e-02
3.252885624344176385e+00,-2.239999999999999630e-02
3.248454364455621857e+00,-1.699999999999999775e-02
3.244035161155295111e+00,-9.999999999999989800e-03
3.239627965304629598e+00,3.200000000000007960e-03
3.235232728031726346e+00,1.220000000000000424e-02
3.230933583470126713e+00,1.060000000000000005e-02
3.226561890140771549e+00,-4.799999999999997845e-03
3.222202011277707001e+00,-2.479999999999999913e-02
3.217853899052808941e+00,-3.940000000000000446e-02
3.213517505895767901e+00,-2.080000000000000598e-02
3.209275842434908821e+00,-1.760000000000000106e-02
3.204962522615663278e+00,-1.279999999999999367e-02
3.200660781580713099e+00,-2.919999999999999679e-02
3.196370572768985063e+00,-3.839999999999998970e-02
3.192091849868712305e+00,-4.099999999999999478e-02
3.187906522353908922e+00,-3.739999999999998881e-02
3.183650414644791926e+00,-3.139999999999999736e-02
3.179405656265223978e+00,-7.199999999999993731e-03
3.175172201879497447e+00,-2.000000000000010667e-04
3.170950006393044251e+00,-2.000000000000028556e-04
3.166819899887629131e+00,-2.800000000000000839e-03
3.162619873495205347e+00,-5.799999999999996131e-03
3.158430973000509123e+00,-1.120000000000000162e-02
3.154253154253154001e+00,-1.339999999999999698e-02
3.150166399918705284e+00,-1.680000000000000243e-02
3.146010402131168338e+00,-1.179999999999999799e-02
3.141865355866926723e+00,-4.999999999999998369e-03
3.137731217895189495e+00,-1.379999999999999630e-02
3.133687136719737421e+00,-1.080000000000000404e-02
3.129574478824895145e+00,7.400000000000003797e-03
3.125472601703886522e+00,1.099999999999999936e-02
3.121460037759597128e+00,1.519999999999999997e-02
3.117379390099806358e+00,2.279999999999999735e-02
3.113309397675060541e+00,1.199999999999986451e-03
3.109327983951855501e+00,9.799999999999997949e-03
3.105278974256235447e+00,5.399999999999994214e-03
3.101240496198479413e+00,-1.780000000000000332e-02
3.097289871362557623e+00,-4.220000000000000140e-02
3.093272133110484656e+00,-5.140000000000000124e-02
3.089264804803308451e+00,-7.159999999999999698e-02
3.085344613087833032e+00,-6.679999999999998439e-02
3.081357785398339821e+00,-7.139999999999999125e-02
3.077381247828460786e+00,-7.520000000000000295e-02
3.073491138926756960e+00,-4.819999999999999285e-02
3.069534866450478905e+00,-4.839999999999999164e-02
3.065588766100521667e+00,-3.799999999999999212e-02
3.061728395061728225e+00,-2.299999999999999961e-02
3.057802327875320803e+00,-5.399999999999999419e-03
3.053886316619052188e+00,9.799999999999999684e-03
3.050055343746156389e+00,2.819999999999999937e-02
3.046159137249121684e+00,3.219999999999999946e-02
3.042347514598361169e+00,2.759999999999999953e-02
3.038470962999264557e+00,2.179999999999999646e-02
3.034604277813127027e+00,2.100000000000000130e-02
3.030821499278957720e+00,1.839999999999999969e-02
3.026974246307823968e+00,1.760000000000000453e-02
3.023210454456797258e+00,3.100000000000000672e-02
3.019382487581571795e+00,4.240000000000000713e-02
3.015564202334630295e+00,3.679999999999999938e-02
3.011828714386340256e+00,1.959999999999999937e-02
3.008029498095722953e+00,6.600000000000001699e-03
3.004312642341425477e+00,-6.000000000000004895e-04
3.000532352514155843e+00,1.640000000000000485e-02
2.996833989897769612e+00,3.200000000000001021e-03
2.993072485457046739e+00,1.000000000000001756e-03
2.989392478302796530e+00,1.800000000000001902e-03
2.985649619570451829e+00,-1.199999999999999678e-02
2.981916121585225454e+00,-2.460000000000000381e-02
2.978263480244986106e+00,-2.339999999999999719e-02
2.974548420370858981e+00,8.000000000000041583e-04
2.970913795581963779e+00,1.119999999999999989e-02
2.967217037568796734e+00,1.779999999999999638e-02
2.963600296360029418e+00,2.079999999999999905e-02
2.959921705296827632e+00,2.899999999999999453e-02
2.956322716002288686e+00,3.119999999999999510e-02
2.952662158300790818e+00,3.339999999999999913e-02
2.949080790543915143e+00,4.860000000000000431e-02
2.945438133922420931e+00,6.479999999999999649e-02
2.941874258600237102e+00,7.699999999999999900e-02
2.938318997180161762e+00,7.420000000000000207e-02
2.934702861335289903e+00,6.439999999999998503e-02
2.931164901664145006e+00,7.940000000000001223e-02
2.927566342430824253e+00,6.380000000000000948e-02
2.924045558516282561e+00,7.740000000000001046e-02
2.920464448055771545e+00,7.560000000000000053e-02
2.916960715125852754e+00,5.560000000000000359e-02
2.913396926836144818e+00,3.219999999999999252e-02
2.909910121324478460e+00,2.500000000000000139e-02
2.906431651978248709e+00,1.580000000000000154e-02
2.902893529356681324e+00,1.240000000000000130e-02
2.899431804896298370e+00,1.419999999999999561e-02
2.895910693850860529e+00,4.200000000000001475e-03
2.892465593655237033e+00,1.379999999999999977e-02
2.888961371790689903e+00,-5.600000000000000810e-03
2.885532776394480248e+00,6.200000000000005854e-03
2.882112309408702000e+00,2.100000000000000130e-02
2.878633113566719359e+00,2.819999999999999590e-02
2.875228974888121236e+00,2.039999999999999453e-02
2.871832877854463284e+00,1.199999999999999505e-02
2.868378440897524584e+00,1.440000000000000134e-02
2.864998498186271281e+00,1.379999999999999630e-02
2.861560473542104077e+00,5.199999999999995424e-03
2.858196570164115879e+00,1.199999999999997510e-03
2.854840566363531451e+00,6.599999999999995627e-03
2.851426863200496875e+00,-4.599999999999999922e-03
2.848086728834581471e+00,-1.479999999999999892e-02
2.844754410516414644e+00,-1.679999999999999549e-02
2.841364771659677491e+00,-1.419999999999999908e-02
2.838048155268698913e+00,-1.060000000000000005e-02
2.834739272569325230e+00,-1.879999999999999727e-02
2.831373444457129906e+00,-2.820000000000000284e-02
2.828080098526661423e+00,-3.200000000000000067e-02
2.824794405084629645e+00,-2.879999999999999574e-02
2.821516337489760495e+00,-2.819999999999999937e-02
2.818181818181818343e+00,-2.959999999999999784e-02
2.814919071076706469e+00,-3.440000000000000696e-02
2.811663870119268882e+00,-3.640000000000000180e-02
2.808352584137337349e+00,-3.199999999999999373e-02
2.805112543829883620e+00,-3.019999999999999421e-02
2.801879971077367859e+00,-3.960000000000000325e-02
2.798654840092987595e+00,-2.399999999999999356e-02
2.795374106720169838e+00,-1.159999999999999573e-02
2.792163927043458393e+00,-1.479999999999999719e-02
2.788961111985785113e+00,-1.119999999999999989e-02
2.785765636232925946e+00,-3.999999999999958992e-04
2.782515034557041744e+00,3.660000000000000753e-02
2.779334304606074113e+00,5.360000000000000875e-02
2.776160838221465976e+00,6.020000000000000351e-02
2.772994610550797212e+00,5.299999999999999850e-02
2.769773727355982817e+00,5.359999999999999487e-02
2.766622043730477376e+00,5.399999999999999939e-02
2.763477524459004631e+00,3.859999999999998849e-02
2.760340145140465662e+00,2.579999999999999655e-02
2.757209881484445901e+00,1.839999999999999275e-02
2.754025541365908047e+00,-1.600000000000003112e-03
2.750909574940101354e+00,-1.499999999999999598e-02
2.747800651494670898e+00,-2.079999999999998864e-02
2.744698747177829912e+00,-3.559999999999999276e-02
2.741603838245373570e+00,-3.179999999999998800e-02
2.738515901060070590e+00,-2.519999999999999671e-02
2.735374569840289372e+00,-2.599999999999999534e-02
2.732300641209263414e+00,-6.799999999999997019e-03
2.729233613593344376e+00,9.599999999999999159e-03
2.726173463779267614e+00,1.839999999999999969e-02
2.723120168657765294e+00,5.020000000000000157e-02
2.720073705222980198e+00,3.520000000000000212e-02
2.716974517408357048e+00,2.279999999999999735e-02
2.713941781571460155e+00,2.199999999999999872e-02
2.710915808574364316e+00,3.740000000000000269e-02
2.707896575821103990e+00,4.580000000000000737e-02
2.704884060816264313e+00,4.320000000000000229e-02
2.701878241164422434e+00,3.699999999999999817e-02
2.698879094569594184e+00,4.780000000000000221e-02
2.695886598834681180e+00,5.320000000000000423e-02
2.692900731860924601e+00,3.940000000000000446e-02
2.689921471647359841e+00,4.980000000000001092e-02
2.686890574214517713e+00,6.859999999999999432e-02
2.683924590376831620e+00,7.220000000000000029e-02
2.680965147453083119e+00,6.500000000000000222e-02
2.678012223829989491e+00,5.679999999999998939e-02
2.675065797989385707e+00,6.420000000000000706e-02
2.672125848507703960e+00,6.700000000000000400e-02
2.669192354055450522e+00,5.879999999999999810e-02
2.666265293396692826e+00,6.139999999999999625e-02
2.663344645388547871e+00,6.600000000000000311e-02
2.660430388980669303e+00,5.059999999999999221e-02
2.657522503214744702e+00,4.139999999999999930e-02
2.654620967223994210e+00,5.199999999999999761e-02
2.651725760232667373e+00,5.279999999999999971e-02
2.648836861555550648e+00,7.779999999999999416e-02
2.645954250597473578e+00,8.899999999999999578e-02
2.643077906852818959e+00,9.839999999999998748e-02
2.640207809905037450e+00,9.679999999999998328e-02
2.637343939426164852e+00,9.420000000000000595e-02
2.634486275176340708e+00,1.005999999999999950e-01
2.631634797003331805e+00,1.100000000000000006e-01
2.628789484842060542e+00,9.179999999999999272e-02
2.625950318714131537e+00,8.580000000000001514e-02
2.623117278727364887e+00,8.920000000000000151e-02
2.620290345075333427e+00,8.319999999999999618e-02
2.617469498036897768e+00,7.780000000000000804e-02
2.614654717975751108e+00,7.219999999999998641e-02
2.611845985339961373e+00,7.000000000000000666e-02
2.609043280661518693e+00,7.660000000000001530e-02
2.606246584555887313e+00,6.840000000000000246e-02
2.603455877721556178e+00,7.140000000000000513e-02
2.600671140939597059e+00,8.079999999999999682e-02
2.597892355073222692e+00,8.580000000000001514e-02
2.595173813859065426e+00,8.340000000000000191e-02
2.592406756982772897e+00,5.899999999999998995e-02
2.589645594469853762e+00,4.359999999999999293e-02
2.586890307506154230e+00,2.659999999999999171e-02
2.584140877357507637e+00,1.639999999999999097e-02
2.581397285369306349e+00,2.000000000000055119e-04
2.578659512966082090e+00,-1.460000000000000013e-02
2.575927541651086283e+00,-2.820000000000000284e-02
2.573201353005872605e+00,-1.879999999999999727e-02
2.570480928689883982e+00,-1.019999999999998859e-02
2.567819424311451826e+00,-1.280000000000000061e-02
2.565110361804679329e+00,-2.220000000000001139e-02
2.562407009423044890e+00,-1.999999999999999695e-02
2.559709349131969347e+00,-1.179999999999999799e-02
2.557017362972739072e+00,4.000000000000005287e-03
2.554331033062107181e+00,1.320000000000000687e-02
2.551702850087457453e+00,8.599999999999996536e-03
2.549027669284216646e+00,2.100000000000000130e-02
2.546358091874242557e+00,2.640000000000000333e-02
2.543694100270780023e+00,1.160000000000000267e-02
2.541035676960593293e+00,2.040000000000000493e-02
2.538382804503582335e+00,4.340000000000000108e-02
2.535787321063394550e+00,4.359999999999999293e-02
2.533145390288247256e+00,5.980000000000001287e-02
2.530508958818007414e+00,5.779999999999999721e-02
2.527878009499928691e+00,4.739999999999999075e-02
2.525252525252525082e+00,6.199999999999999956e-02
2.522683810066322252e+00,5.359999999999999487e-02
2.520069098668834329e+00,4.559999999999999470e-02
2.517459801851551049e+00,4.559999999999999470e-02
2.514855902812988209e+00,2.819999999999999590e-02
2.512308284539173986e+00,2.859999999999999348e-02
2.509715025906735786e+00,2.619999999999999413e-02
2.507127115388503746e+00,9.999999999999959008e-04
2.504544536457281367e+00,-5.599999999999999943e-03
2.502017756255044301e+00,-1.599999999999998776e-03
2.499445687448348163e+00,-5.999999999999983211e-04
2.496878901373283277e+00,5.400000000000002021e-03
2.494317381771367526e+00,1.500000000000000291e-02
2.491811185016980623e+00,1.799999999999999864e-02
2.489260047376239626e+00,2.060000000000000026e-02
2.486714128145994351e+00,1.559999999999999408e-02
2.484223179404988713e+00,2.260000000000000203e-02
2.481687547532321680e+00,4.460000000000000075e-02
2.479157086590559000e+00,4.100000000000000172e-02
2.476631780778141501e+00,4.460000000000000075e-02
2.474160980086994588e+00,5.220000000000000334e-02
2.471645837070700846e+00,5.460000000000000270e-02
2.469135802469135665e+00,6.139999999999998931e-02
2.466679928386712017e+00,6.720000000000000973e-02
2.464179964627094321e+00,7.359999999999999876e-02
2.461685063130310436e+00,7.919999999999999263e-02
2.459243980802030549e+00,7.820000000000000562e-02
2.456759059299030934e+00,7.099999999999999367e-02
2.454327731924073941e+00,6.939999999999998948e-02
2.451852730652113621e+00,6.939999999999998948e-02
2.449382716049382847e+00,6.179999999999999383e-02
2.446965959546127500e+00,7.080000000000000182e-02
2.444505776130584174e+00,8.039999999999999925e-02
2.442050534690903607e+00,8.980000000000000482e-02
2.439648218466563101e+00,1.038000000000000173e-01
2.437202720232713560e+00,9.900000000000000466e-02
2.434809927741124813e+00,1.160000000000000059e-01
2.432374114831597378e+00,1.237999999999999934e-01
2.429943170683911191e+00,1.481999999999999984e-01
2.427564604541895044e+00,1.872000000000000053e-01
2.425143259470771362e+00,2.159999999999999976e-01
2.422774076317383507e+00,2.220000000000000029e-01
2.420362273579012680e+00,2.345999999999999752e-01
2.418002418002417553e+00,2.433999999999999775e-01
2.415600101299359093e+00,2.614000000000000212e-01
2.413202553323991584e+00,3.104000000000000092e-01
2.410856631799976668e+00,3.661999999999999700e-01
2.408468485966786421e+00,4.286000000000000365e-01
2.406131755117880910e+00,5.106000000000000538e-01
2.403752956228434101e+00,5.794000000000000261e-01
2.401425362150437781e+00,6.727999999999999536e-01
2.399055855437537410e+00,7.990000000000000435e-01
2.396737344646964640e+00,9.304000000000000048e-01
2.394377075770448560e+00,1.096600000000000019e+00
2.392067595200431995e+00,1.261399999999999855e+00
2.389716510243018899e+00,1.422800000000000065e+00
2.387416007239261617e+00,1.577599999999999891e+00
2.385074052702442771e+00,1.776400000000000201e+00
2.382782475019216140e+00,1.963399999999999812e+00
2.380449597819201291e+00,2.161399999999999988e+00
2.378166893615389021e+00,2.345600000000000129e+00
2.375843041079092721e+00,2.547999999999999599e+00
2.373569158914283772e+00,2.730999999999999872e+00
2.371254278775362323e+00,2.881199999999999761e+00
2.368989167605983770e+00,3.019399999999999640e+00
2.366728379745385968e+00,3.123199999999999310e+00
2.364426817176416673e+00,3.213999999999999968e+00
2.362174724730444986e+00,3.256799999999999695e+00
2.359882005899704982e+00,3.268399999999999750e+00
2.357638558798364592e+00,3.234799999999999898e+00
2.355354632830604089e+00,3.189200000000000035e+00
2.353119781387581266e+00,3.094800000000000217e+00
2.350889166951048104e+00,2.973000000000000309e+00
2.348618292706024846e+00,2.834999999999999964e+00
2.346396200351959394e+00,2.695200000000000262e+00
2.344133993723770182e+00,2.532399999999999984e+00
2.341920374707259889e+00,2.352600000000000247e+00
2.339710932488018535e+00,2.184799999999999631e+00
2.337461592112952236e+00,2.030800000000000161e+00
2.335260551046158817e+00,1.890800000000000036e+00
2.333019755409219353e+00,1.727200000000000069e+00
2.330827067669173136e+00,1.572200000000000042e+00
2.328638497652582018e+00,1.425200000000000022e+00
2.326410386296692501e+00,1.310000000000000275e+00
2.324230098779779041e+00,1.188799999999999857e+00
2.322053894121832940e+00,1.097599999999999909e+00
2.319838359649779136e+00,1.014199999999999990e+00
2.317670367462898451e+00,9.193999999999999950e-01
2.315506423662981650e+00,8.401999999999999469e-01
2.313303359886573762e+00,7.600000000000000089e-01
2.311147559316347966e+00,6.977999999999998648e-01
2.308995773048060585e+00,6.329999999999998961e-01
2.306805074971165048e+00,5.834000000000001407e-01
2.304661363467400470e+00,5.315999999999999615e-01
2.302521632562112508e+00,4.747999999999999998e-01
2.300385871178391550e+00,4.388000000000000234e-01
2.298211472523399301e+00,4.138000000000000012e-01
2.296083695954078685e+00,3.976000000000000090e-01
2.293959855702525363e+00,3.656000000000000361e-01
2.291797582523195320e+00,3.303999999999999715e-01
2.289681660388507289e+00,3.039999999999999925e-01
2.287569641737077220e+00,2.959999999999999853e-01
2.285461515777057251e+00,2.859999999999999765e-01
2.283315226398070052e+00,2.436000000000000110e-01
2.281214930919660766e+00,2.275999999999999968e-01
2.279118495781792486e+00,1.971999999999999864e-01
2.277025910351285987e+00,1.621999999999999831e-01
2.274937164033977055e+00,1.227999999999999647e-01
2.272810586898346585e+00,1.093999999999999834e-01
2.270729563433929066e+00,9.779999999999998417e-02
2.268652347323356189e+00,9.739999999999997271e-02
2.266578928127513048e+00,9.540000000000001257e-02
2.264467941342975355e+00,8.120000000000000828e-02
2.262402160229159520e+00,8.679999999999998828e-02
2.260340144734683143e+00,8.339999999999998803e-02
2.258281884572656661e+00,1.021999999999999992e-01
2.256227369493622348e+00,1.184000000000000052e-01
2.254176589285389554e+00,1.181999999999999995e-01
2.252088630584816453e+00,1.035999999999999976e-01
2.250045363817818611e+00,9.319999999999999118e-02
2.248005801305293705e+00,9.819999999999998175e-02
2.245969932983155282e+00,8.319999999999998230e-02
2.243937748823742417e+00,7.799999999999999989e-02
2.241909238835653628e+00,9.160000000000000087e-02
2.239884393063583889e+00,8.780000000000000304e-02
2.237822814964537610e+00,7.220000000000000029e-02
2.235805340689854148e+00,6.079999999999999294e-02
2.233791500783628425e+00,6.600000000000000311e-02
2.231781285434027318e+00,6.219999999999999141e-02
2.229774684864505030e+00,6.459999999999997689e-02
2.227771689333644556e+00,4.119999999999998663e-02
2.225772289135000026e+00,2.939999999999999211e-02
2.223776474596940389e+00,2.079999999999999558e-02
2.221784236082492647e+00,-2.200000000000000133e-03
2.219755826859045378e+00,-1.160000000000000267e-02
2.217770782658463169e+00,-5.999999999999996655e-03
2.215789285586648116e+00,-1.219999999999999904e-02
2.213811326144397462e+00,-1.960000000000000284e-02
2.211836894866397785e+00,-9.599999999999993955e-03
2.209865982321072231e+00,-2.199999999999997530e-03
2.207898579110430415e+00,2.340000000000000413e-02
2.205934675869920980e+00,2.679999999999999744e-02
2.203974263268280609e+00,4.779999999999999527e-02
2.202017332007387473e+00,4.239999999999999325e-02
2.200063872822114242e+00,5.299999999999999156e-02
2.198113876480181528e+00,5.600000000000000117e-02
2.196167333782012676e+00,6.479999999999999649e-02
2.194224235560588987e+00,7.340000000000000691e-02
2.192284572681305388e+00,6.779999999999999916e-02
2.190348336041828770e+00,7.720000000000001861e-02
2.188415516571952768e+00,5.719999999999999390e-02
2.186486105233460098e+00,5.279999999999999277e-02
2.184560093019978222e+00,4.059999999999999720e-02
2.182637470956839909e+00,5.899999999999999689e-02
2.180718230100946009e+00,6.039999999999998842e-02
2.178802361540624233e+00,5.899999999999998995e-02
2.176889856395491929e+00,5.719999999999999390e-02
2.174980705816319304e+00,4.099999999999999478e-02
2.173074900984893532e+00,2.819999999999999937e-02
2.171172433113881528e+00,1.040000000000000299e-02
2.169273293446695394e+00,-2.886579864025406873e-18
2.167377473257358744e+00,1.900000000000000647e-02
2.165484963850372147e+00,1.039999999999999779e-02
2.163595756560580785e+00,-1.200000000000000719e-02
2.161747528808772412e+00,-1.999999999999998307e-03
2.159864834265210476e+00,-2.120000000000000356e-02
2.157985416195332462e+00,-2.560000000000000123e-02
2.156109266053450657e+00,-1.799999999999999864e-02
2.154236375323569597e+00,-1.100000000000000283e-02
2.152366735519258611e+00,-4.600000000000002524e-03
2.150500338183520821e+00,1.019999999999999553e-02
2.148637174888669232e+00,-4.600000000000002524e-03
2.146777237236197511e+00,9.999999999999972019e-04
2.144920516856653414e+00,1.559999999999999581e-02
2.143104044244728446e+00,1.640000000000000138e-02
2.141253669487134914e+00,4.039999999999999841e-02
2.139406487232573983e+00,3.979999999999999510e-02
2.137562489225995233e+00,4.119999999999999357e-02
2.135721667240785493e+00,4.759999999999999648e-02
2.133884013078644060e+00,4.159999999999999115e-02
2.132086177547757089e+00,2.819999999999999590e-02
2.130254771598893537e+00,2.520000000000000365e-02
2.128426509208877437e+00,1.880000000000000074e-02
2.126601382290898457e+00,1.519999999999999650e-02
2.124779382785859649e+00,7.599999999999999985e-03
2.122960502662260662e+00,-1.399999999999998685e-03
2.121181018851140632e+00,-1.999999999999997385e-04
2.119368291515689950e+00,-2.200000000000002301e-03
2.117558659790293341e+00,-8.399999999999997746e-03
2.115752115752115525e+00,-7.399999999999997725e-03
2.113948651505336063e+00,-3.999999999999990434e-04
2.112184236973444040e+00,-2.600000000000002483e-03
2.110386847524550191e+00,-4.200000000000001475e-03
2.108592514496573145e+00,-5.999999999999987548e-04
2.106801230100072697e+00,5.000000000000007910e-03
2.105048721692187819e+00,7.200000000000000670e-03
2.103263450709003557e+00,5.599999999999998208e-03
2.101481205301156230e+00,6.999999999999999278e-03
2.099701977783798412e+00,6.599999999999999097e-03
2.097961255392944757e+00,1.460000000000000360e-02
2.096187980728594358e+00,1.840000000000000316e-02
2.094417701207668348e+00,2.400000000000000050e-02
2.092685725858169921e+00,3.719999999999999696e-02
2.090921354377444974e+00,5.500000000000000028e-02
2.089159955521110668e+00,6.019999999999999657e-02
2.087401521783045055e+00,6.159999999999999504e-02
2.085681126267808327e+00,7.639999999999999569e-02
2.083928541418079927e+00,9.199999999999998457e-02
2.082178899467701072e+00,8.219999999999999529e-02
2.080467098419516159e+00,7.399999999999999634e-02
2.078723261583852899e+00,8.339999999999998803e-02
2.076982345650062012e+00,7.240000000000000602e-02
2.075279074827199643e+00,6.640000000000000069e-02
2.073543920670223084e+00,4.959999999999999132e-02
2.071811665636330346e+00,3.399999999999999550e-02
2.070116861435726374e+00,2.679999999999999397e-02
2.068390325271059371e+00,1.079999999999999884e-02
2.066666666666666874e+00,3.200000000000003189e-03
2.064980266116005048e+00,1.499999999999999771e-02
2.063262283898234628e+00,7.599999999999998250e-03
2.061581432466582431e+00,-6.399999999999998572e-03
2.059869098641150753e+00,-3.400000000000001112e-03
2.058159606957907339e+00,-3.599999999999998600e-03
2.056487055740749970e+00,-1.000000000000000194e-02
2.054783170662998870e+00,-1.820000000000000090e-02
2.053116100403999944e+00,-2.539999999999999897e-02
2.051417794394997163e+00,-2.059999999999999332e-02
2.049722295688971130e+00,-3.899999999999999994e-02
2.048063423899578517e+00,-4.219999999999999446e-02
2.046373463157026062e+00,-5.000000000000000278e-02
2.044720005276696728e+00,-4.719999999999999196e-02
2.043035555409101089e+00,-3.959999999999999631e-02
2.041387484977692957e+00,-3.479999999999999066e-02
2.039708519072919835e+00,-2.979999999999999663e-02
2.038065809802439343e+00,-2.239999999999999977e-02
2.036392301123300275e+00,-1.540000000000000223e-02
2.034721538512028083e+00,-2.159999999999999420e-02
2.033086848879342767e+00,-1.540000000000000223e-02
2.031421503579561527e+00,-2.599999999999995978e-03
2.029792110001637173e+00,3.199999999999997551e-03
2.028132155708210593e+00,5.600000000000001678e-03
2.026508032489499733e+00,3.999999999999999216e-03
2.024853443067326619e+00,-3.800000000000001293e-03
2.023234564678240588e+00,1.000000000000001322e-03
2.021585314160879054e+00,7.200000000000000670e-03
2.019971655236450836e+00,1.540000000000000223e-02
2.018360570349631899e+00,3.320000000000000034e-02
2.016719253163321568e+00,4.739999999999999769e-02
2.015113350125944613e+00,4.740000000000000463e-02
2.013477307785986881e+00,5.340000000000000302e-02
2.011876561638056948e+00,3.839999999999998970e-02
2.010245768756889984e+00,3.979999999999999510e-02
2.008650154698459200e+00,4.700000000000000011e-02
2.007024586051179060e+00,4.399999999999998357e-02
2.005434079441065887e+00,2.479999999999999219e-02
2.003813709964124889e+00,1.720000000000000348e-02
2.002228286318644912e+00,1.039999999999999779e-02
2.000645369474023827e+00,1.180000000000000493e-02
1.999032726100274271e+00,-4.199999999999998873e-03
1.997454855909405858e+00,8.000000000000007105e-03
1.995847349868821397e+00,2.079999999999999558e-02
1.994274502235517499e+00,2.220000000000000098e-02
1.992704131647034194e+00,1.899999999999999606e-02
1.991104259999678883e+00,7.799999999999991836e-03
1.989538876231428333e+00,2.680000000000000437e-02
1.987975951903807603e+00,3.080000000000000446e-02
1.986383660392470940e+00,2.540000000000000244e-02
1.984825687485994195e+00,2.580000000000000002e-02
1.983238436440406760e+00,1.919999999999999485e-02
1.981685391462771451e+00,1.019999999999999726e-02
1.980134776915460915e+00,3.599999999999999034e-03
1.978555016594332416e+00,1.600000000000000510e-03
1.977009295132411637e+00,5.800000000000000468e-03
1.975465986936434382e+00,2.800000000000000405e-02
1.973893664438076900e+00,3.720000000000000390e-02
1.972355214811751356e+00,4.340000000000000108e-02
1.970819161448234436e+00,5.500000000000000028e-02
1.969285498753315267e+00,4.839999999999999164e-02
1.967722995382198636e+00,6.039999999999998842e-02
1.966194145815495009e+00,4.579999999999999349e-02
1.964667670125960663e+00,3.899999999999998607e-02
1.963112483178975687e+00,3.359999999999998405e-02
1.961590786851014068e+00,1.399999999999998294e-02
1.960071447765676655e+00,-1.580000000000000848e-02
1.958554460449835721e+00,-2.760000000000000647e-02
1.957008932798838474e+00,-2.599999999999999534e-02
1.955496680386683561e+00,-3.859999999999999543e-02
1.953986763315474162e+00,-3.419999999999998735e-02
1.952479176179753972e+00,-3.099999999999998937e-02
1.950943218112304978e+00,-2.919999999999999679e-02
1.949440321972078838e+00,-1.019999999999999553e-02
1.947939739541605597e+00,-6.200000000000002384e-03
1.946441465482058319e+00,7.999999999999983036e-04
1.944914988393249500e+00,3.100000000000000325e-02
1.943421361962228699e+00,3.219999999999999252e-02
1.941930027876092479e+00,2.640000000000000333e-02
1.940440980861618536e+00,2.199999999999999525e-02
1.938954215661746305e+00,2.500000000000000486e-02
1.937439455017030854e+00,2.639999999999999986e-02
1.935957284039281134e+00,2.959999999999999437e-02
1.934477379095163707e+00,7.799999999999991836e-03
1.932999734991971863e+00,3.799999999999996957e-03
1.931524346552851990e+00,2.300000000000000308e-02
1.930051208616744729e+00,4.999999999999998369e-03
1.928550321165839687e+00,-1.599999999999999643e-03
1.927081714481086561e+00,-2.220000000000000445e-02
1.925615342806118457e+00,-1.079999999999999884e-02
1.924151201042765713e+00,-1.739999999999999880e-02
1.922689284108352936e+00,-1.459999999999999493e-02
1.921229586935638833e+00,-6.200000000000000649e-03
1.919772104472759366e+00,5.999999999999987548e-04
1.918316831683168466e+00,5.599999999999999943e-03
1.916834132014221703e+00,3.400000000000002846e-03
1.915383308361266135e+00,2.360000000000000986e-02
1.913934679261591665e+00,2.339999999999999372e-02
1.912488239739654761e+00,4.560000000000000164e-02
1.911043984834941201e+00,5.540000000000000480e-02
1.909601909601909453e+00,4.499999999999999833e-02
1.908162009109934720e+00,2.319999999999999493e-02
1.906724278443251874e+00,1.159999999999999920e-02
1.905288712700900167e+00,1.720000000000000348e-02
1.903855306996668384e+00,1.199999999999999852e-02
1.902424056459036672e+00,1.060000000000000178e-02
1.900994956231124355e+00,3.200000000000007092e-03
1.899568001470633316e+00,6.400000000000002041e-03
1.898143187349794259e+00,-9.999999999999978524e-04
1.896720509055310755e+00,-1.599999999999999339e-02
1.895299961788307286e+00,-1.739999999999999880e-02
1.893852615502100045e+00,3.200000000000002755e-03
1.892436359196630224e+00,1.799999999999997132e-03
1.891022219511079294e+00,-9.800000000000004888e-03
1.889610191704001574e+00,-1.260000000000000356e-02
1.888200271048103396e+00,-1.799999999999999864e-02
1.886792452830188482e+00,-3.239999999999999825e-02
1.885386732351107542e+00,-3.980000000000000204e-02
1.884011729492380605e+00,-4.839999999999999858e-02
1.882610147875990680e+00,-5.739999999999999269e-02
1.881210650079648161e+00,-5.059999999999999221e-02
1.879813231459584122e+00,-7.579999999999999238e-02
1.878417887385817941e+00,-6.159999999999999504e-02
1.877024613242105788e+00,-4.079999999999999599e-02
1.875633404425889772e+00,-4.059999999999999720e-02
1.874244256348246651e+00,-5.899999999999999689e-02
1.872857164433838317e+00,-6.400000000000000133e-02
1.871472124120860725e+00,-5.479999999999998761e-02
1.870089130860994819e+00,-3.599999999999999034e-02
1.868708180119356355e+00,-4.299999999999999656e-02
1.867329267374444823e+00,-6.079999999999999988e-02
1.865952388118096827e+00,-5.779999999999999721e-02
1.864577537855435230e+00,-6.759999999999999343e-02
1.863232708749680722e+00,-7.279999999999998972e-02
1.861861861861861867e+00,-6.400000000000000133e-02
1.860493030653123103e+00,-5.140000000000000124e-02
1.859126210680979829e+00,-4.559999999999999470e-02
1.857761397515993229e+00,-4.859999999999999737e-02
1.856398586741720980e+00,-6.719999999999998197e-02
1.855037773954671065e+00,-6.459999999999999076e-02
1.853678954764253817e+00,-4.819999999999999285e-02
1.852349795345224370e+00,-3.540000000000000785e-02
1.850994909763998164e+00,-2.960000000000000131e-02
1.849642004773269788e+00,-3.079999999999999752e-02
1.848291076033328872e+00,-2.679999999999999397e-02
1.846942119217134914e+00,-2.299999999999999614e-02
1.845595130010269758e+00,-2.820000000000000631e-02
1.844277534022458420e+00,-3.119999999999999857e-02
1.842934427204089953e+00,-2.419999999999999582e-02
1.841593275214233660e+00,7.327471962526033512e-18
1.840254073788252009e+00,1.500000000000000291e-02
1.838916818673903775e+00,4.160000000000001197e-02
1.837608737533158454e+00,5.800000000000000294e-02
1.836275322829048706e+00,6.439999999999999891e-02
1.834943841839679290e+00,6.219999999999999141e-02
1.833614290361695209e+00,5.639999999999999875e-02
1.832286664203915727e+00,8.099999999999998868e-02
1.830987995215805464e+00,8.979999999999997706e-02
1.829664168093017684e+00,9.319999999999997731e-02
1.828342253874168710e+00,7.479999999999999150e-02
1.827022248416089401e+00,5.599999999999998729e-02
1.825731028593303717e+00,2.559999999999999429e-02
1.824414789530213410e+00,6.399999999999993368e-03
1.823100446953658027e+00,4.399999999999997663e-03
1.821814762576398739e+00,9.199999999999999845e-03
1.820504162201048270e+00,2.159999999999999767e-02
1.819195446143012207e+00,9.599999999999997424e-03
1.817888610341440447e+00,-2.200000000000001434e-03
1.816610263847990625e+00,-7.999999999999971110e-04
1.815307138256133879e+00,1.100000000000000283e-02
1.814005880890033007e+00,5.399999999999993347e-03
1.812732987354725545e+00,1.519999999999999823e-02
1.811435416484062477e+00,2.139999999999999541e-02
1.810139701910865373e+00,3.519999999999999518e-02
1.808872226517483250e+00,2.199999999999999525e-02
1.807580174927113648e+00,1.299999999999999940e-02
1.806289967807251262e+00,1.219999999999999904e-02
1.805027876035343537e+00,2.840000000000000163e-02
1.803741308585226744e+00,2.539999999999999897e-02
1.802456573878915558e+00,8.399999999999992542e-03
1.801199831500660986e+00,2.579999999999999655e-02
1.799918713348429566e+00,2.879999999999999921e-02
1.798665506237307810e+00,2.939999999999999905e-02
1.797387989389612972e+00,1.119999999999999989e-02
1.796112285987427226e+00,1.820000000000000437e-02
1.794864371942216819e+00,1.839999999999999969e-02
1.793592247052867572e+00,1.940000000000000058e-02
1.792347831114579959e+00,-1.360000000000000618e-02
1.791079269701871812e+00,-1.419999999999999908e-02
1.789812502706369823e+00,-9.000000000000002789e-03
1.788573324294306932e+00,-2.440000000000000502e-02
1.787310098302055561e+00,-4.000000000000000083e-02
1.786074381355688079e+00,-4.359999999999999987e-02
1.784814681540122239e+00,-4.539999999999999591e-02
1.783582411576025262e+00,-5.859999999999999931e-02
1.782326223193238635e+00,-6.479999999999999649e-02
1.781097385808675604e+00,-7.820000000000000562e-02
1.779844694196844879e+00,-3.959999999999998938e-02
1.778619275069208472e+00,-2.859999999999999001e-02
1.777370065648023578e+00,-1.679999999999999549e-02
1.776122609754350767e+00,4.800000000000007386e-03
1.774902308804374274e+00,2.139999999999999888e-02
1.773658313308158707e+00,3.400000000000000244e-02
1.772441395082904547e+00,2.999999999999999889e-02
1.771200845605565011e+00,4.659999999999999559e-02
1.769987296058923354e+00,5.439999999999999697e-02
1.768775408316097364e+00,7.019999999999998463e-02
1.767539983464948561e+00,4.839999999999999164e-02
1.766331443548616820e+00,2.499999999999999445e-02
1.765099429189620039e+00,1.519999999999999997e-02
1.763894223246418758e+00,2.599999999999999447e-03
1.762665605276624747e+00,-2.999999999999998328e-03
1.761463719529518634e+00,-1.339999999999999872e-02
1.760238483923628250e+00,-1.360000000000000445e-02
1.759039904671386045e+00,-2.840000000000000163e-02
1.757818037481216900e+00,-2.339999999999999372e-02
1.756622751097889346e+00,-2.139999999999999888e-02
1.755429089158809797e+00,-1.779999999999999291e-02
1.754212231386252041e+00,-1.520000000000000344e-02
1.753021842086661453e+00,6.000000000000049348e-04
1.751808318264014286e+00,-4.000000000000003553e-03
1.750621188163541841e+00,-1.039999999999999779e-02
1.749435665914221394e+00,6.600000000000009505e-03
1.748227100339776463e+00,2.700000000000000316e-02
1.747044817335193123e+00,4.700000000000000011e-02
1.745864132347764830e+00,4.059999999999999720e-02
1.744660494695669195e+00,2.379999999999999130e-02
1.743483029161159603e+00,3.419999999999999429e-02
1.742282671312753717e+00,5.279999999999999971e-02
1.741108412081045609e+00,4.399999999999999745e-02
1.739935734631737008e+00,5.019999999999999463e-02
1.738740254641314875e+00,5.859999999999999237e-02
1.737570763970629484e+00,3.459999999999999187e-02
1.736402845460146782e+00,2.539999999999999897e-02
1.735212213655000557e+00,8.399999999999994277e-03
1.734047462557160468e+00,2.399999999999998489e-03
1.732884274075212616e+00,9.400000000000000369e-03
1.731722645066685384e+00,-4.600000000000002524e-03
1.730538420744131667e+00,-1.639999999999999791e-02
1.729379933614125120e+00,-2.319999999999999840e-02
1.728222996515679455e+00,-3.000000000000000236e-02
1.727043552138609162e+00,-3.319999999999999341e-02
1.725889737915292210e+00,-3.360000000000000486e-02
1.724737464357743777e+00,-4.599999999999999922e-02
1.723586728382191513e+00,-3.760000000000000148e-02
1.722413601511279202e+00,-2.519999999999999671e-02
1.721265963353692419e+00,-1.419999999999999214e-02
1.720119853512373842e+00,-9.399999999999998634e-03
1.718975268936453249e+00,-6.199999999999998047e-03
1.717808408949227594e+00,2.399999999999999790e-03
1.716666897401464498e+00,1.999999999999998741e-03
1.715526901952103778e+00,-2.200000000000001000e-03
1.714388419582740131e+00,1.820000000000000437e-02
1.713251447282976736e+00,3.360000000000000486e-02
1.712092342528926059e+00,3.699999999999999817e-02
1.710958412672130668e+00,3.219999999999999252e-02
1.709825983839386554e+00,1.499999999999999598e-02
1.708695053052225354e+00,1.259999999999999835e-02
1.707565617340053521e+00,1.259999999999999835e-02
1.706414190760592975e+00,-2.109423746787797374e-18
1.705287767310733837e+00,1.399999999999999552e-03
1.704162830009757768e+00,1.039999999999999779e-02
1.703039375918473874e+00,-9.800000000000001418e-03
1.701917402105436405e+00,-2.120000000000000356e-02
1.700796905646919877e+00,-3.219999999999999946e-02
1.699654586326004857e+00,-4.200000000000000261e-02
1.698537066462111778e+00,-3.859999999999999543e-02
1.697421015167278169e+00,-3.679999999999999938e-02
1.696306429548563699e+00,-2.899999999999999453e-02
1.695193306720621074e+00,-1.219999999999999210e-02
1.694081643805672277e+00,-2.999999999999996593e-03
1.692971437933482370e+00,-1.019999999999999726e-02
1.691862686241336178e+00,-1.079999999999999884e-02
1.690755385874011418e+00,-1.299999999999999767e-02
1.689649533983757612e+00,-1.080000000000000057e-02
1.688522134618788861e+00,-1.940000000000000405e-02
1.687419201197523311e+00,-2.780000000000000526e-02
1.686317707695864421e+00,-3.559999999999999970e-02
1.685217651295850994e+00,-4.700000000000000011e-02
1.684119029186869287e+00,-4.659999999999999559e-02
1.683021838565631034e+00,-3.559999999999999276e-02
1.681926076636147904e+00,-3.459999999999999881e-02
1.680831740609708191e+00,-3.180000000000000188e-02
1.679738827704853499e+00,-1.639999999999999097e-02
1.678647335147355424e+00,-1.880000000000001115e-02
1.677557260170190911e+00,-4.999999999999998369e-03
1.676468600013520049e+00,2.439999999999999808e-02
1.675381351924661866e+00,4.039999999999999841e-02
1.674295513158072346e+00,4.399999999999999051e-02
1.673211080975320009e+00,2.799999999999999364e-02
1.672128052645063701e+00,1.419999999999999908e-02
1.671046425443029504e+00,9.999999999999996739e-03
1.669966196651987200e+00,1.920000000000000179e-02
1.668887363561728732e+00,1.380000000000000150e-02
1.667809923469044664e+00,7.999999999999996697e-03
1.666733873677701983e+00,-8.600000000000006944e-03
1.665659211498421444e+00,-4.079999999999999599e-02
1.664585934248855814e+00,-5.079999999999999793e-02
1.663514039253565224e+00,-5.179999999999999882e-02
1.662443523843998516e+00,-4.899999999999999495e-02
1.661374385358468375e+00,-5.339999999999998914e-02
1.660306621142130235e+00,-6.500000000000000222e-02
1.659240228546960516e+00,-6.299999999999998657e-02
1.658197378978336634e+00,-5.259999999999998010e-02
1.657133693269899011e+00,-4.019999999999999962e-02
1.656071371333938780e+00,-1.660000000000000017e-02
1.655010410549356603e+00,2.199999999999998398e-03
1.653950808301765996e+00,7.199999999999999803e-03
1.652892561983470898e+00,3.999999999999998349e-03
1.651835668993446138e+00,1.799999999999992795e-03
1.650780126737313003e+00,1.079999999999999884e-02
1.649725932627321701e+00,2.959999999999999784e-02
1.648695004720054147e+00,1.919999999999999485e-02
1.647643471212745236e+00,1.359999999999999924e-02
1.646593278181311071e+00,2.420000000000000276e-02
1.645544423064163153e+00,3.040000000000000688e-02
1.644496903306234659e+00,4.620000000000000495e-02
1.643450716358961561e+00,5.739999999999999963e-02
1.642427613976529033e+00,7.520000000000000295e-02
1.641384057395494089e+00,7.919999999999999263e-02
1.640341826070851994e+00,6.539999999999998592e-02
1.639300917479707076e+00,6.819999999999999674e-02
1.638261329105562103e+00,7.220000000000000029e-02
1.637244675653907633e+00,6.459999999999999076e-02
1.636207692815200954e+00,5.159999999999998616e-02
1.635172022734165731e+00,4.399999999999999051e-02
1.634137662919571632e+00,3.119999999999999510e-02
1.633104610886486174e+00,1.199999999999999505e-02
1.632094345582815631e+00,-4.599999999999999922e-03
1.631063874565926497e+00,9.200000000000008518e-03
1.630034703964664988e+00,1.660000000000000017e-02
1.629006831318969839e+00,-7.400000000000006399e-03
1.628001628001628065e+00,-4.999999999999998369e-03
1.626976316997966299e+00,-2.439999999999999808e-02
1.625952296657618978e+00,-3.520000000000000212e-02
1.624929564545085192e+00,-3.199999999999999373e-02
1.623929385264150316e+00,-3.899999999999999994e-02
1.622909195612910027e+00,-2.839999999999999469e-02
1.621890286969942752e+00,-2.319999999999999493e-02
1.620893844524908145e+00,-2.959999999999999437e-02
1.619877464107956966e+00,-2.559999999999999082e-02
1.618862357533584762e+00,-2.199999999999994061e-03
1.617848522408506629e+00,-1.200000000000000025e-02
1.616857038543785707e+00,-8.881784197001252508e-19
1.615845712796455613e+00,9.599999999999997424e-03
1.614835651403865091e+00,7.000000000000001880e-03
1.613847855794884989e+00,2.300000000000001349e-02
1.612840289790981041e+00,1.619999999999999565e-02
1.611833981099946911e+00,1.579999999999999807e-02
1.610849853204811888e+00,2.560000000000000470e-02
1.609846026017188958e+00,1.879999999999999380e-02
1.608864323433627730e+00,1.880000000000000074e-02
1.607862968581838858e+00,3.239999999999999131e-02
1.606862859438375368e+00,3.839999999999998970e-02
1.605884790716950006e+00,3.959999999999999631e-02
1.604887140194657391e+00,2.859999999999999001e-02
1.603911474434427165e+00,7.799999999999994438e-03
1.602916273478198983e+00,9.600000000000000894e-03
1.601922306768121640e+00,6.199999999999998047e-03
1.600950241433625187e+00,2.800000000000006477e-03
1.599958710742948709e+00,2.580000000000001042e-02
1.598989026293053506e+00,3.580000000000000543e-02
1.597999922677423079e+00,2.980000000000000010e-02
1.597012041985961694e+00,2.459999999999999687e-02
1.596045924934356153e+00,3.800000000000000600e-02
1.595060457936712250e+00,4.319999999999999535e-02
1.594096699962718633e+00,6.500000000000000222e-02
1.593113637823601270e+00,7.579999999999999238e-02
1.592152230297116056e+00,8.219999999999999529e-02
1.591171564224304058e+00,7.540000000000000868e-02
1.590212498557266985e+00,5.059999999999999915e-02
1.589234219801345827e+00,1.879999999999999033e-02
1.588277487447484315e+00,9.599999999999993955e-03
1.587301587301587213e+00,9.399999999999996900e-03
1.586347179756163239e+00,-8.200000000000000691e-03
1.585373649555711806e+00,-3.600000000000001636e-03
1.584421558355268100e+00,-4.399999999999989857e-03
1.583450389477716769e+00,-1.019999999999999900e-02
1.582500606199828797e+00,-1.919999999999999832e-02
1.581531790064409249e+00,-2.079999999999999211e-02
1.580584306327435851e+00,-1.099999999999999242e-02
1.579617834394904552e+00,-1.399999999999999986e-03
1.578672641857741255e+00,-6.000000000000008799e-03
1.577728579789805741e+00,8.400000000000002950e-03
1.576765595991963753e+00,2.420000000000000276e-02
1.575823812731131479e+00,1.720000000000000001e-02
1.574863152012395684e+00,1.199999999999999244e-03
1.573923639317627909e+00,5.200000000000002363e-03
1.572965293281915811e+00,2.100000000000000477e-02
1.572028042951863158e+00,2.160000000000000114e-02
1.571091908876669274e+00,1.539999999999999876e-02
1.570137007116266137e+00,1.279999999999999367e-02
1.569203123220409779e+00,2.239999999999999977e-02
1.568250515372649145e+00,5.399999999999995082e-03
1.567318873552758118e+00,-2.060000000000000719e-02
1.566388337986180490e+00,-2.360000000000000292e-02
1.565439143553294388e+00,-1.679999999999999549e-02
1.564510838022660000e+00,-1.379999999999999630e-02
1.563583632810037205e+00,-1.700000000000000122e-02
1.562637833478255356e+00,2.600000000000010289e-03
1.561712846347607098e+00,1.920000000000000179e-02
1.560788953642050725e+00,3.660000000000000059e-02
1.559846531228379130e+00,2.999999999999998501e-02
1.558924844736114368e+00,4.700000000000000011e-02
1.558004246818027738e+00,5.799999999999998906e-02
1.557065183269083386e+00,6.020000000000000351e-02
1.556146779780131384e+00,6.019999999999999657e-02
1.555229459056076236e+00,5.859999999999999931e-02
1.554293736446934693e+00,5.040000000000000036e-02
1.553378598451632397e+00,2.219999999999999404e-02
1.552464537453206894e+00,1.920000000000000526e-02
1.551551551551551444e+00,2.460000000000000381e-02
1.550620248099239706e+00,3.359999999999999098e-02
1.549709429481972212e+00,2.319999999999999840e-02
1.548799680247807897e+00,3.500000000000000333e-02
1.547890998514523941e+00,3.419999999999999429e-02
1.546964082987137612e+00,3.379999999999999671e-02
1.546057553239239990e+00,2.560000000000000123e-02
1.545152085332269998e+00,2.320000000000000187e-02
1.544247677401678676e+00,1.699999999999999775e-02
1.543325118860926493e+00,-2.000000000000003511e-03
1.542422847760377191e+00,-3.120000000000000204e-02
1.541521631029338701e+00,-1.979999999999999122e-02
1.540621466820728758e+00,-1.119999999999999642e-02
1.539722353291777424e+00,-2.780000000000000526e-02
1.538805192226551766e+00,-4.360000000000000681e-02
1.537908196802639349e+00,-6.140000000000000319e-02
1.537012246516932024e+00,-8.440000000000001668e-02
1.536117339543872307e+00,-9.199999999999999845e-02
1.535223474062151761e+00,-9.320000000000001894e-02
1.534330648254699003e+00,-9.160000000000000087e-02
1.533419897359797224e+00,-7.280000000000000360e-02
1.532529167490606969e+00,-7.579999999999999238e-02
1.531639471831420796e+00,-9.140000000000000902e-02
1.530750808582080458e+00,-8.899999999999998190e-02
1.529863175946602816e+00,-5.680000000000001020e-02
1.528976572133168954e+00,-3.419999999999998735e-02
1.528090995354110415e+00,-1.419999999999999908e-02
1.527206443825898319e+00,-2.200000000000000566e-03
1.526304128406489324e+00,6.799999999999997019e-03
1.525421643764839130e+00,4.999999999999994900e-03
1.524540179010524188e+00,-1.120000000000000336e-02
1.523659732376540399e+00,-1.079999999999999537e-02
1.522780302099963290e+00,-8.200000000000000691e-03
1.521901886421935135e+00,2.000000000000005246e-03
1.521024483587655185e+00,1.420000000000000949e-02
1.520148091846367011e+00,2.640000000000001373e-02
1.519272709451346515e+00,3.119999999999999857e-02
1.518398334659891047e+00,2.619999999999999066e-02
1.517524965733307196e+00,2.579999999999999655e-02
1.516652600936899908e+00,3.479999999999999760e-02
1.515781238539960496e+00,4.319999999999999535e-02
1.514910876815755092e+00,3.059999999999999526e-02
1.514041514041513992e+00,5.200000000000000455e-02
1.513173148498419662e+00,6.759999999999999343e-02
1.512305778471595419e+00,3.799999999999998518e-02
1.511439402250094544e+00,1.519999999999999650e-02
1.510574018126888296e+00,1.839999999999999969e-02
1.509709624398855476e+00,1.399999999999999509e-02
1.508846219366771324e+00,1.700000000000000122e-02
1.507983801335295304e+00,1.139999999999999694e-02
1.507122368612961338e+00,3.059999999999999526e-02
1.506261919512165370e+00,4.260000000000000592e-02
1.505402452349156261e+00,2.039999999999999453e-02
1.504543965444022469e+00,-4.799999999999998712e-03
1.503686457120682940e+00,1.220000000000000424e-02
1.502829925706875347e+00,1.280000000000000061e-02
1.501974369534145648e+00,4.599999999999998188e-03
1.501119786937836764e+00,5.399999999999998551e-03
1.500266176257077921e+00,-1.999999999999984104e-04
1.499413535834774214e+00,4.599999999999996453e-03
1.498561864017595946e+00,-3.999999999999995746e-03
1.497711159155967309e+00,-9.799999999999999684e-03
1.496879489129516294e+00,7.400000000000005532e-03
1.496030692758728797e+00,1.079999999999999884e-02
1.495182858452003272e+00,2.800000000000000405e-03
1.494335984574596266e+00,1.360000000000000445e-02
1.493490069495465367e+00,2.179999999999999993e-02
1.492645111587259432e+00,2.639999999999999986e-02
1.491801109226308597e+00,3.079999999999999752e-02
1.490958060792612727e+00,3.400000000000000244e-02
1.490133871704280466e+00,2.779999999999999832e-02
1.489292706068867655e+00,1.839999999999999275e-02
1.488452489556825187e+00,-9.200000000000006783e-03
1.487613220562653771e+00,-2.860000000000000736e-02
1.486774897484472779e+00,-3.300000000000000155e-02
1.485937518724011142e+00,-3.819999999999999785e-02
1.485118869393376784e+00,-4.440000000000000197e-02
1.484283354480381290e+00,-4.379999999999999866e-02
1.483448779145581486e+00,-4.299999999999999656e-02
1.482615141804964454e+00,-4.979999999999999011e-02
1.481782440878075535e+00,-4.699999999999999317e-02
1.480968362216197542e+00,-4.019999999999999268e-02
1.480137509549274366e+00,-1.819999999999998702e-02
1.479307588609331425e+00,1.220000000000000077e-02
1.478478597829974817e+00,1.519999999999999997e-02
1.477668144334810973e+00,2.599999999999999881e-02
1.476840989483462874e+00,2.900000000000000147e-02
1.476014760147601468e+00,3.319999999999999341e-02
1.475189454774736175e+00,3.199999999999999373e-02
1.474382602285293054e+00,4.619999999999999107e-02
1.473559120617944140e+00,5.059999999999999221e-02
1.472736558309678534e+00,4.719999999999999890e-02
1.471914913821755766e+00,4.139999999999999930e-02
1.471111638391268350e+00,2.459999999999998993e-02
1.470291805494622794e+00,1.839999999999999622e-02
1.469472885855138466e+00,4.399999999999999398e-03
1.468672272888783770e+00,5.599999999999998208e-03
1.467855155841234938e+00,1.860000000000000195e-02
1.467038947517864678e+00,1.519999999999999650e-02
1.466240983800402020e+00,-1.000000000000001756e-03
1.465426569129134826e+00,3.000000000000003532e-03
1.464613058679013591e+00,1.140000000000000041e-02
1.463817731082516893e+00,1.540000000000000049e-02
1.463006005403683307e+00,2.779999999999999832e-02
1.462195179472666418e+00,3.440000000000000002e-02
1.461402474955804331e+00,5.600000000000000117e-02
1.460593424973791743e+00,6.319999999999999230e-02
1.459802455764453999e+00,4.879999999999999616e-02
1.458995175903047503e+00,5.800000000000000294e-02
1.458188788409751080e+00,6.239999999999999020e-02
1.457400420765605276e+00,5.640000000000000568e-02
1.456595794666980082e+00,6.160000000000000198e-02
1.455809148116840479e+00,6.420000000000000706e-02
1.455006277648052793e+00,7.340000000000000691e-02
1.454204292248152841e+00,7.420000000000000207e-02
1.453420225983403036e+00,4.519999999999999712e-02
1.452619987582442151e+00,4.100000000000000172e-02
1.451837628352983911e+00,2.739999999999999034e-02
1.451039131248829994e+00,1.359999999999999577e-02
1.450258473486000454e+00,7.999999999999936415e-04
1.449461712001309133e+00,-2.340000000000000413e-02
1.448665825505864646e+00,-3.699999999999999817e-02
1.447887718642722144e+00,-4.679999999999999438e-02
1.447093559266650287e+00,-5.519999999999998519e-02
1.446317140024494075e+00,-6.319999999999999230e-02
1.445524702151966601e+00,-5.679999999999998939e-02
1.444749965046371765e+00,-5.639999999999998487e-02
1.443959243085880750e+00,-4.939999999999999947e-02
1.443186182656160721e+00,-4.800000000000000100e-02
1.442397171040387116e+00,-2.999999999999999542e-02
1.441625781849466437e+00,-4.399999999999997663e-03
1.440838475035149502e+00,3.599999999999999468e-03
1.440068751669434377e+00,-1.200000000000003798e-03
1.439299850266386516e+00,7.600000000000001719e-03
1.438515081206496626e+00,1.139999999999999521e-02
1.437747837580873211e+00,1.379999999999999977e-02
1.436964759598113428e+00,8.599999999999998271e-03
1.436199168394352466e+00,3.160000000000000309e-02
1.435417776028523162e+00,3.699999999999999817e-02
1.434653831914105782e+00,2.599999999999999187e-02
1.433890700524989015e+00,1.039999999999999258e-02
1.433111817393816878e+00,-1.340000000000000566e-02
1.432350325166626082e+00,-9.600000000000002628e-03
1.431573114133321001e+00,-1.879999999999999727e-02
1.430813255792485972e+00,-2.320000000000000187e-02
1.430054203667397106e+00,-3.960000000000001019e-02
1.429279481770923343e+00,-4.520000000000000406e-02
1.428522055689319448e+00,-5.639999999999999181e-02
1.427748992515831983e+00,-6.220000000000000528e-02
1.426993187258331686e+00,-5.899999999999998995e-02
1.426238181776356750e+00,-4.039999999999999147e-02
1.425467587855935747e+00,-1.860000000000000195e-02
1.424714195438616660e+00,-2.479999999999999913e-02
1.423961598971072995e+00,-5.159999999999999309e-02
1.423193462491965988e+00,-3.459999999999999187e-02
1.422442471379080864e+00,-2.359999999999999598e-02
1.421692272414583735e+00,-1.639999999999999444e-02
1.420926581640253650e+00,-9.799999999999991010e-03
1.420177980369475401e+00,-1.199999999999995775e-03
1.419430167469865722e+00,-5.000000000000001839e-03
1.418683141696699401e+00,-1.179999999999999452e-02
1.417920687920230627e+00,-1.379999999999999977e-02
1.417175249719993646e+00,2.000000000000004812e-03
1.416430594900849771e+00,3.280000000000000276e-02
1.415670559760705993e+00,2.699999999999999969e-02
1.414927484966395532e+00,2.259999999999999509e-02
1.414185189831552281e+00,1.119999999999999468e-02
1.413443673129751943e+00,-2.400000000000001091e-03
1.412686839227123681e+00,1.400000000000002154e-03
1.411946892578169521e+00,1.120000000000000336e-02
1.411207720671917132e+00,5.799999999999997866e-03
1.410469322292240202e+00,-1.040000000000000820e-02
1.409731696225557052e+00,-1.859999999999999848e-02
1.408978831229333872e+00,-2.939999999999999905e-02
1.408242762881446453e+00,-4.199999999999999567e-02
1.407507463194815012e+00,-3.559999999999999276e-02
1.406772930966021740e+00,-3.960000000000000325e-02
1.406039164994160373e+00,-4.560000000000000164e-02
1.405290237766041894e+00,-4.219999999999998752e-02
1.404558017307779405e+00,-4.580000000000000043e-02
1.403826559492811210e+00,-3.839999999999998970e-02
1.403095863130261689e+00,-2.439999999999999808e-02
1.402365927031734127e+00,-1.319999999999999646e-02
1.401636750011303612e+00,-9.200000000000001579e-03
1.400892504095351043e+00,-4.000000000000004528e-04
1.400164858120391598e+00,9.999999999999995871e-04
1.399437967654925563e+00,1.700000000000000122e-02
1.398711831522903903e+00,3.139999999999999736e-02
1.397986448550716521e+00,2.900000000000000147e-02
1.397261817567186704e+00,3.099999999999999631e-02
1.396537937403565799e+00,2.619999999999999760e-02
1.395814806893524107e+00,3.300000000000000155e-02
1.395092424873147774e+00,2.539999999999999897e-02
1.394355110761273053e+00,2.299999999999999614e-02
1.393634238446322726e+00,2.239999999999999977e-02
1.392914111118599862e+00,1.839999999999999969e-02
1.392194727623838002e+00,6.599999999999997362e-03
1.391476086810153223e+00,-8.800000000000002265e-03
1.390758187528039480e+00,-1.199999999999992089e-03
1.390041028630361275e+00,-1.320000000000000340e-02
1.389324608972347885e+00,-3.399999999999993305e-03
1.388608927411588034e+00,-9.999999999999965514e-04
1.387893982808022786e+00,7.400000000000003797e-03
1.387179774023939993e+00,5.399999999999996816e-03
1.386466299923967860e+00,-6.400000000000002041e-03
1.385753559375069832e+00,-3.999999999999968208e-04
1.385041551246537495e+00,1.460000000000000707e-02
1.384330274409985018e+00,2.600000000000000228e-02
1.383619727739343830e+00,2.999999999999996593e-03
1.382909910110855956e+00,5.199999999999995424e-03
1.382200820403067576e+00,7.400000000000003797e-03
1.381492457496824811e+00,-3.600000000000001636e-03
1.380784820275266167e+00,-1.080000000000000057e-02
1.380077907623817435e+00,-1.999999999999970822e-04
1.379371718430185911e+00,3.219999999999999946e-02
1.378666251584354407e+00,1.859999999999999501e-02
1.377961505978575030e+00,-1.040000000000001340e-02
1.377257480507363852e+00,-2.199999999999999872e-02
1.376554174067495584e+00,-6.599999999999993025e-03
1.375851585557996692e+00,7.000000000000003615e-03
1.375164964345521268e+00,-8.000000000000000167e-03
1.374463792855005195e+00,-1.060000000000000178e-02
1.373763336029159232e+00,-1.519999999999999650e-02
1.373063592775913833e+00,-2.839999999999999469e-02
1.372364562005423227e+00,-5.120000000000000245e-02
1.371666242630059429e+00,-3.559999999999998582e-02
1.370968633564407790e+00,-5.999999999999996655e-03
1.370271733725260566e+00,2.800000000000000752e-02
1.369575542031610693e+00,1.819999999999999743e-02
1.368895169124790145e+00,1.360000000000000098e-02
1.368200375151715775e+00,2.220000000000000098e-02
1.367506286117605496e+00,2.639999999999999639e-02
1.366812900950155285e+00,3.019999999999999074e-02
1.366120218579235157e+00,2.859999999999999348e-02
1.365428237936882061e+00,1.999999999999999348e-02
1.364751978340065230e+00,1.119999999999999815e-02
1.364061382762224328e+00,-2.000000000000010667e-04
1.363371485745071610e+00,-3.840000000000000357e-02
1.362682286229216277e+00,-4.379999999999999866e-02
1.361993783157409155e+00,-4.139999999999999236e-02
1.361320920428596537e+00,-3.519999999999998824e-02
1.360633791998595354e+00,-2.539999999999998856e-02
1.359947356876508140e+00,-1.619999999999999565e-02
1.359261614013548725e+00,8.400000000000009889e-03
1.358576562363046580e+00,3.740000000000000269e-02
1.357907070972546260e+00,4.340000000000000802e-02
1.357223383645458137e+00,5.480000000000000149e-02
1.356540384426041079e+00,7.280000000000000360e-02
1.355872897850285419e+00,8.699999999999999400e-02
1.355191256830601043e+00,8.499999999999999223e-02
1.354510300832368452e+00,6.759999999999997955e-02
1.353830028823478138e+00,6.659999999999999254e-02
1.353165206194004488e+00,4.959999999999998438e-02
1.352486284262076843e+00,3.740000000000000269e-02
1.351808043257857417e+00,2.320000000000000187e-02
1.351145204524157206e+00,3.459999999999999881e-02
1.350468307558266190e+00,4.240000000000001407e-02
1.349792088476694296e+00,5.300000000000001238e-02
1.349131224771790150e+00,5.439999999999999697e-02
1.348456343725871864e+00,5.739999999999999269e-02
1.347782137538993341e+00,6.279999999999999472e-02
1.347123240048670123e+00,4.399999999999999051e-02
1.346450365930462301e+00,5.139999999999999430e-02
1.345778163663989613e+00,2.999999999999999195e-02
1.345121223626403406e+00,2.340000000000000066e-02
1.344450347497045506e+00,1.160000000000000787e-02
1.343780140229959841e+00,-9.200000000000006783e-03
1.343125148935248259e+00,-3.820000000000000479e-02
1.342456261908886228e+00,-4.419999999999999624e-02
1.341802560245852760e+00,-4.519999999999999712e-02
1.341134989562941415e+00,-3.799999999999999212e-02
1.340468082806334893e+00,-4.340000000000000108e-02
1.339816315505132360e+00,-5.299999999999999850e-02
1.339150719253531463e+00,-3.239999999999999131e-02
1.338500232078669416e+00,-4.359999999999999987e-02
1.337835942473054374e+00,-3.739999999999998881e-02
1.337172311906225319e+00,-1.919999999999999138e-02
1.336523744853305828e+00,-3.399999999999996775e-03
1.335861415151254006e+00,-1.160000000000000267e-02
1.335214118812520834e+00,-1.799999999999995397e-03
1.334553086154011803e+00,-1.799999999999998867e-03
1.333907056798623092e+00,2.520000000000000365e-02
1.333247317377373564e+00,3.119999999999999510e-02
1.332602551289078008e+00,4.399999999999999745e-02
1.331944101313683460e+00,6.719999999999998197e-02
1.331300594790749692e+00,4.219999999999998752e-02
1.330643430484611756e+00,3.020000000000000115e-02
1.330001179839756187e+00,3.219999999999999946e-02
1.329345297441010265e+00,4.580000000000000043e-02
1.328704299001328692e+00,3.479999999999999760e-02
1.328049694762771793e+00,1.699999999999999428e-02
1.327409944869667680e+00,1.179999999999999799e-02
1.326756615058687583e+00,2.760000000000000647e-02
1.326118110067803224e+00,2.000000000000000389e-02
1.325480219345597677e+00,1.540000000000000223e-02
1.324828787247454454e+00,3.259999999999999704e-02
1.324192136007347198e+00,3.039999999999999300e-02
1.323541969088890768e+00,2.439999999999999461e-02
1.322906553721741485e+00,1.499999999999999251e-02
1.322257648300792399e+00,1.339999999999999525e-02
1.321623465211459791e+00,2.859999999999999348e-02
1.320989890166082370e+00,3.920000000000000567e-02
1.320342863227386587e+00,6.199999999999993711e-03
1.319710515112813898e+00,1.380000000000000844e-02
1.319064740548475667e+00,4.999999999999996635e-03
1.318433615804191383e+00,-3.400000000000001979e-03
1.317803094711783585e+00,8.200000000000002426e-03
1.317159185060865489e+00,1.860000000000000195e-02
1.316529882043169453e+00,2.639999999999999986e-02
1.315901180066219478e+00,2.699999999999999969e-02
1.315259127261927619e+00,2.259999999999999509e-02
1.314631638094632349e+00,-1.800000000000007323e-03
1.314004747371990467e+00,4.199999999999991934e-03
1.313364543393988226e+00,-1.159999999999999747e-02
1.312738860246244421e+00,-1.640000000000000485e-02
1.312113772961991165e+00,-1.160000000000000440e-02
1.311475409836065475e+00,-1.979999999999999816e-02
1.310851524922036049e+00,-3.180000000000000188e-02
1.310228233305156476e+00,-4.000000000000000083e-02
1.309605534139515193e+00,-4.259999999999999204e-02
1.308969608681424424e+00,-4.320000000000000229e-02
1.308348105005486595e+00,-4.740000000000000463e-02
1.307727191234009378e+00,-3.659999999999999365e-02
1.307106866527523170e+00,-1.879999999999999033e-02
1.306473364801078896e+00,-4.599999999999998188e-03
1.305854228756173852e+00,6.800000000000000488e-03
1.305235679248857972e+00,8.000000000000000167e-03
1.304617715446042547e+00,8.399999999999996012e-03
1.303986623621086860e+00,2.760000000000000300e-02
1.303369841703630572e+00,3.499999999999998945e-02
1.302753642982465321e+00,2.819999999999998896e-02
1.302138026630822898e+00,4.779999999999999527e-02
1.301522991823496733e+00,5.419999999999999124e-02
1.300894889791122333e+00,3.199999999999999373e-02
1.300281028480348988e+00,1.019999999999999206e-02
1.299667746229391296e+00,3.600000000000005106e-03
1.299055042219289025e+00,1.720000000000000695e-02
1.298442915632624484e+00,3.180000000000000188e-02
1.297831365653520752e+00,1.860000000000000195e-02
1.297206820797154547e+00,1.080000000000000578e-02
1.296596434359805539e+00,1.060000000000000178e-02
1.295986622073578731e+00,-6.199999999999999782e-03
1.295377383128754278e+00,1.240000000000001171e-02
1.294768716717134671e+00,1.520000000000000344e-02
1.294160622032040964e+00,2.860000000000000042e-02
1.293553098268307888e+00,3.860000000000000236e-02
1.292932663232748913e+00,2.100000000000000477e-02
1.292326291544642514e+00,-2.400000000000004560e-03
1.291720488353681251e+00,-1.199999999999995775e-03
1.291115252860757456e+00,5.200000000000004965e-03
1.290510584268259597e+00,3.340000000000000607e-02
1.289906481780070946e+00,5.020000000000000157e-02
1.289302944601563805e+00,3.239999999999999825e-02
1.288699971939597289e+00,4.519999999999999712e-02
1.288097563002513990e+00,6.139999999999998931e-02
1.287495717000134876e+00,3.879999999999999422e-02
1.286894433143758620e+00,4.240000000000000019e-02
1.286293710646155164e+00,5.399999999999999939e-02
1.285693548721564383e+00,4.919999999999999374e-02
1.285093946585691871e+00,4.320000000000000229e-02
1.284494903455705606e+00,3.040000000000000341e-02
1.283896418550232621e+00,2.660000000000000211e-02
1.283298491089354787e+00,2.279999999999999735e-02
1.282701120294607477e+00,4.799999999999996977e-03
1.282104305388974019e+00,-1.760000000000000106e-02
1.281508045596883028e+00,-1.020000000000000073e-02
1.280912340144205963e+00,-3.020000000000000115e-02
1.280317188258252470e+00,-3.979999999999999510e-02
1.279722589167767488e+00,-2.759999999999999259e-02
1.279128542102928590e+00,-2.379999999999999824e-02
1.278535046295341537e+00,-3.400000000000000244e-02
1.277942100978038065e+00,-3.699999999999999123e-02
1.277349705385471212e+00,-4.479999999999999954e-02
1.276757858753513553e+00,-4.439999999999998809e-02
1.276166560319453414e+00,-3.459999999999999881e-02
1.275575809321990217e+00,-2.639999999999999986e-02
1.274985605001234035e+00,-6.599999999999998229e-03
1.274395946598698925e+00,7.600000000000003454e-03
1.273819918845343846e+00,2.400000000000001958e-03
1.273231337919704220e+00,1.040000000000000299e-02
1.272643300661979726e+00,3.920000000000001261e-02
1.272055806319245086e+00,3.579999999999999849e-02
1.271468854139964133e+00,3.039999999999999300e-02
1.270882443373987813e+00,2.439999999999999114e-02
1.270296573272550411e+00,1.539999999999999182e-02
1.269711243088265329e+00,9.199999999999998110e-03
1.269139441578645666e+00,4.199999999999998873e-03
1.268555177035059156e+00,-4.600000000000001657e-03
1.267971450191218263e+00,-7.199999999999997201e-03
1.267388260305195358e+00,-1.919999999999999832e-02
1.266805606636426829e+00,-4.459999999999999382e-02
1.266223488445710643e+00,-5.120000000000000245e-02
1.265654823267635010e+00,-3.399999999999999550e-02
1.265073761962088650e+00,-9.199999999999994640e-03
1.264493233941445860e+00,4.400000000000002000e-03
1.263913238471888079e+00,1.220000000000000251e-02
1.263346646018420394e+00,1.140000000000000041e-02
1.262767701660946873e+00,1.439999999999999787e-02
1.262189287677368155e+00,1.399999999999999856e-02
1.261611403339200521e+00,3.480000000000000454e-02
1.261034047919293855e+00,5.540000000000000480e-02
1.260470033341465346e+00,6.859999999999999432e-02
1.259893721868300398e+00,6.439999999999998503e-02
1.259317937155972622e+00,5.260000000000000092e-02
1.258755456298852771e+00,6.120000000000000440e-02
1.258180711277966601e+00,5.539999999999999786e-02
1.257606490872210880e+00,6.560000000000000553e-02
1.257032794363627026e+00,9.340000000000001079e-02
1.256472352541823323e+00,9.819999999999998175e-02
1.255899690076366815e+00,7.879999999999998117e-02
1.255327549377904361e+00,6.059999999999999415e-02
1.254768626736690873e+00,6.019999999999998963e-02
1.254197515879758917e+00,6.139999999999998931e-02
1.253626924671175757e+00,6.999999999999997891e-02
1.253069515041886905e+00,6.779999999999999916e-02
1.252499949495969878e+00,7.379999999999997673e-02
1.251930901491211223e+00,6.479999999999999649e-02
1.251374998738533417e+00,2.659999999999999171e-02
1.250806972240154913e+00,3.200000000000000761e-02
1.250239461187122592e+00,4.220000000000000140e-02
1.249685059208868632e+00,3.719999999999999002e-02
1.249118565528356983e+00,5.500000000000000028e-02
1.248565156976861212e+00,6.839999999999998859e-02
1.247999677935566876e+00,6.599999999999998923e-02
1.247434710876826003e+00,4.839999999999999164e-02
1.246882793017456414e+00,4.399999999999999745e-02
1.246318836501060456e+00,3.819999999999999091e-02
1.245767905402011211e+00,5.159999999999998616e-02
1.245204956719085709e+00,3.819999999999999091e-02
1.244655009736414186e+00,2.599999999999999187e-02
1.244093066187757612e+00,4.279999999999999777e-02
1.243531629828713569e+00,5.220000000000001028e-02
1.242983159582999209e+00,4.800000000000000100e-02
1.242422724312409299e+00,5.619999999999999996e-02
1.241875231599715468e+00,6.359999999999998987e-02
1.241315794742426926e+00,5.799999999999999600e-02
1.240769276951710021e+00,6.459999999999999076e-02
1.240210835842093129e+00,7.780000000000000804e-02
1.239665290371599671e+00,8.859999999999999820e-02
1.239107842353505351e+00,1.092000000000000054e-01
1.238563266610731572e+00,9.319999999999999118e-02
1.238006809037449640e+00,6.079999999999999294e-02
1.237463200439099964e+00,4.359999999999999293e-02
1.236907730673316719e+00,2.299999999999999961e-02
1.236365086645262901e+00,2.579999999999999655e-02
1.235810602059020047e+00,2.839999999999999816e-02
1.235268920036260987e+00,2.539999999999999203e-02
1.234727712666912280e+00,3.799999999999995656e-03
1.234174695437534774e+00,-1.220000000000000424e-02
1.233634446257312334e+00,-2.859999999999999695e-02
1.233082407692843052e+00,-3.319999999999999341e-02
1.232543114159336151e+00,-4.299999999999999656e-02
1.231992051664182908e+00,-3.659999999999999365e-02
1.231453711243966742e+00,-3.259999999999999704e-02
1.230915841092735663e+00,-3.059999999999999873e-02
1.230366232400305515e+00,-2.919999999999999679e-02
1.229829311593124919e+00,-3.640000000000000874e-02
1.229292859196399412e+00,-2.539999999999999897e-02
1.228744698561179627e+00,-1.099999999999999589e-02
1.228209191759112473e+00,-5.199999999999995424e-03
1.227661996930845101e+00,8.000000000000000167e-03
1.227127433225464914e+00,1.639999999999999444e-02
1.226593334850088590e+00,6.399999999999995970e-03
1.226047578556032303e+00,7.999999999999936415e-04
1.225514419560791435e+00,-9.000000000000002789e-03
1.224981724062987887e+00,-4.799999999999999580e-03
1.224437400637892415e+00,1.320000000000000513e-02
1.223905640823175212e+00,1.399999999999995866e-03
1.223374342682938876e+00,-1.340000000000000219e-02
1.222843505616204585e+00,-1.760000000000000106e-02
1.222301080356438696e+00,-1.319999999999999646e-02
1.221771174082686429e+00,-1.240000000000000477e-02
1.221241727072171379e+00,-1.460000000000000707e-02
1.220700721591636340e+00,-2.320000000000000187e-02
1.220172201722017125e+00,-3.120000000000000204e-02
1.219644139314835396e+00,-3.819999999999999785e-02
1.219116533776410050e+00,-4.419999999999999624e-02
1.218577409147192370e+00,-3.819999999999999785e-02
1.218050725918940813e+00,-4.320000000000000229e-02
1.217524497771144576e+00,-5.020000000000000157e-02
1.216998724114240815e+00,-5.979999999999999899e-02
1.216461470544955015e+00,-5.979999999999999899e-02
1.215936614401004201e+00,-5.279999999999999971e-02
1.215412210972035778e+00,-4.279999999999999777e-02
1.214888259672568083e+00,-3.319999999999999341e-02
1.214364759918128200e+00,-3.680000000000000632e-02
1.213841711125250855e+00,-3.359999999999999098e-02
1.213307240704500911e+00,-3.039999999999999300e-02
1.212785102304291707e+00,-8.399999999999992542e-03
1.212263413108086940e+00,1.020000000000000594e-02
1.211742172536449891e+00,2.799999999999997369e-03
1.211221380010940152e+00,-9.000000000000006259e-03
1.210701034954110522e+00,-1.180000000000000493e-02
1.210169326111355081e+00,1.200000000000000719e-02
1.209649884400394226e+00,2.480000000000000260e-02
1.209130888418671335e+00,2.079999999999999558e-02
1.208612337592717134e+00,1.839999999999999969e-02
1.208094231350045122e+00,1.139999999999999694e-02
1.207576569119150900e+00,2.200000000000001867e-03
1.207059350329507730e+00,-2.380000000000000171e-02
1.206542574411567204e+00,-2.480000000000000260e-02
1.206026240796755244e+00,-8.399999999999997746e-03
1.205510348917471219e+00,1.200000000000005966e-03
1.204983188540998729e+00,-3.060000000000000220e-02
1.204468188440990684e+00,-4.419999999999999624e-02
1.203953628366700945e+00,-3.479999999999999760e-02
1.203439507754420656e+00,-3.979999999999999510e-02
1.202925826041403967e+00,-3.200000000000000067e-02
1.202412582665865148e+00,-3.120000000000000204e-02
1.201899777066976815e+00,-1.839999999999999969e-02
1.201387408684868152e+00,-6.799999999999996152e-03
1.200875476960622912e+00,-1.240000000000000650e-02
1.200363981336276087e+00,-3.040000000000000688e-02
1.199852921254813909e+00,-1.639999999999999791e-02
1.199342296160170074e+00,-1.840000000000000316e-02
1.198832105497225298e+00,-3.140000000000000430e-02
1.198322348711803542e+00,-4.800000000000000794e-02
1.197813025250671348e+00,-6.580000000000001126e-02
1.197304134561535616e+00,-7.140000000000000513e-02
1.196795676093041383e+00,-6.619999999999999496e-02
1.196287649294769162e+00,-7.759999999999998843e-02
1.195780053617234717e+00,-7.419999999999998819e-02
1.195272888511885068e+00,-4.959999999999999826e-02
1.194777665365900798e+00,-4.000000000000000083e-02
1.194271350008186516e+00,-2.880000000000001309e-02
1.193765463594966825e+00,-1.400000000000001070e-02
1.193260005581377348e+00,-2.200000000000007071e-03
1.192754975423476305e+00,1.519999999999999997e-02
1.192250372578241402e+00,7.799999999999993570e-03
1.191746196503570498e+00,1.776356839400250502e-18
1.191242446658276721e+00,1.080000000000000057e-02
1.190739122502088687e+00,2.579999999999999655e-02
1.190236223495647172e+00,2.439999999999999808e-02
1.189745164261590382e+00,1.559999999999999755e-02
1.189243104308129073e+00,9.200000000000003314e-03
1.188741467903980498e+00,1.720000000000000348e-02
1.188240254513396543e+00,2.619999999999999760e-02
1.187739463601532597e+00,2.319999999999999840e-02
1.187239094634445102e+00,3.419999999999999429e-02
1.186739147079090229e+00,4.599999999999999922e-02
1.186250968612182044e+00,4.819999999999999285e-02
1.185751852737269907e+00,5.239999999999999519e-02
1.185253156692378962e+00,4.019999999999998574e-02
1.184754879948023643e+00,2.719999999999999502e-02
1.184257021975608115e+00,2.019999999999999574e-02
1.183770883054892531e+00,1.960000000000000631e-02
1.183273851556386758e+00,2.620000000000000454e-02
1.182777237261298353e+00,3.679999999999999938e-02
1.182281039644552889e+00,5.240000000000000907e-02
1.181796521324755878e+00,4.980000000000000399e-02
1.181301146052644135e+00,4.839999999999999858e-02
1.180806185900793004e+00,3.579999999999999849e-02
1.180311640347620816e+00,3.739999999999999575e-02
1.179828734538534762e+00,5.380000000000000754e-02
1.179335007228182297e+00,6.900000000000001965e-02
1.178841692968779498e+00,5.879999999999999810e-02
1.178359988976632522e+00,5.199999999999999067e-02
1.177867489907385323e+00,4.379999999999999866e-02
1.177375402349053690e+00,1.399999999999999335e-02
1.176883725786091794e+00,-4.600000000000005126e-03
1.176403620287270302e+00,-1.780000000000000332e-02
1.175912754860123366e+00,-1.720000000000000001e-02
1.175422298898515461e+00,-1.099999999999999763e-02
1.174943384784483236e+00,-8.199999999999995487e-03
1.174453736941305726e+00,-1.239999999999999436e-02
1.173964497041420030e+00,3.800000000000006931e-03
1.173486769883029801e+00,-4.599999999999996453e-03
1.172998335099137313e+00,-1.799999999999993662e-03
1.172521393787527844e+00,1.120000000000000162e-02
1.172033762133857682e+00,3.820000000000000479e-02
1.171546535906956565e+00,5.520000000000000601e-02
1.171070774228887723e+00,3.400000000000000244e-02
1.170584348154441567e+00,3.580000000000001237e-02
1.170098326004491707e+00,3.620000000000001689e-02
1.169623739588933731e+00,4.960000000000001907e-02
1.169138514628374370e+00,3.959999999999999631e-02
1.168664706325869052e+00,4.259999999999999898e-02
1.168180276594942946e+00,3.980000000000000204e-02
1.167707244493412677e+00,4.200000000000000261e-02
1.167223608038782112e+00,3.040000000000000341e-02
1.166751350232409390e+00,3.760000000000000842e-02
1.166268505107127318e+00,6.300000000000000044e-02
1.165786059455088841e+00,5.859999999999999237e-02
1.165314963959815486e+00,4.939999999999998559e-02
1.164833306717518502e+00,3.179999999999998800e-02
1.164362980769230838e+00,2.580000000000000002e-02
1.163882110005631576e+00,2.399999999999999703e-02
1.163412551720255594e+00,2.559999999999999429e-02
1.162932465510611690e+00,2.260000000000000203e-02
1.162463673010218468e+00,1.419999999999999908e-02
1.161984369436062536e+00,-4.000000000000000951e-03
1.161516340848843809e+00,-2.760000000000000300e-02
1.161037817997958799e+00,-3.120000000000000204e-02
1.160570551458200761e+00,-3.939999999999999752e-02
1.160103660875504206e+00,-4.459999999999999382e-02
1.159626301072654408e+00,-4.719999999999999890e-02
1.159160169760876435e+00,-4.279999999999999777e-02
1.158683585938814042e+00,-2.699999999999998929e-02
1.158218212047337659e+00,-1.660000000000000017e-02
1.157742402315484753e+00,-2.540000000000000591e-02
1.157277783999701271e+00,-1.339999999999999872e-02
1.156813538450056411e+00,3.400000000000001112e-03
1.156338881894903858e+00,5.199999999999998894e-03
1.155875389175786250e+00,1.119999999999999815e-02
1.155401502021952576e+00,2.259999999999999856e-02
1.154938760303636958e+00,3.339999999999999220e-02
1.154476389095784317e+00,3.119999999999999163e-02
1.154003648140565108e+00,1.099999999999999936e-02
1.153542025210474886e+00,1.500000000000000465e-02
1.153080771448232067e+00,3.300000000000000155e-02
1.152609172538157090e+00,2.979999999999999663e-02
1.152148664343786377e+00,3.580000000000000543e-02
1.151688523981127199e+00,4.079999999999999599e-02
1.151218062982769075e+00,4.479999999999999954e-02
1.150758665491160571e+00,4.440000000000000890e-02
1.150299634501567692e+00,4.880000000000000310e-02
1.149830307301422438e+00,4.800000000000000100e-02
1.149372016499049964e+00,3.219999999999998558e-02
1.148914090875398530e+00,2.519999999999999324e-02
1.148456529994165143e+00,1.159999999999999400e-02
1.147988705272415810e+00,-1.040000000000000646e-02
1.147531881026855993e+00,-2.360000000000000292e-02
1.147075420208878649e+00,-1.299999999999999420e-02
1.146619322384968109e+00,1.000000000000007177e-03
1.146152992938218595e+00,-1.140000000000000215e-02
1.145697628221119757e+00,-2.920000000000000026e-02
1.145242625191643437e+00,-9.599999999999990485e-03
1.144787983419038424e+00,2.880000000000000268e-02
1.144323142089866296e+00,3.480000000000000454e-02
1.143869229917715336e+00,5.719999999999999390e-02
1.143415677704316291e+00,7.259999999999999787e-02
1.142962485021660868e+00,8.960000000000001297e-02
1.142509651442418450e+00,8.179999999999999771e-02
1.142046658132017001e+00,6.279999999999999472e-02
1.141594549806665304e+00,6.320000000000000617e-02
1.141142799296908761e+00,5.665454545454540192e-02
1.140691406178131917e+00,4.356363636363631830e-02
1.140240370026391004e+00,3.047272727272724163e-02
1.139789690418413048e+00,1.738181818181817537e-02
1.139328898526223099e+00,4.290909090909110837e-03
